president,subgroup,modeldate,startdate,enddate,pollster,grade,samplesize,population,weight,influence,approve,disapprove,adjusted_approve,adjusted_disapprove,multiversions,tracking,url,poll_id,question_id,createddate,timestamp
Donald Trump,All polls,1/20/2021,1/20/2017,1/22/2017,Gallup,B,1500,a,0.26232298,0,45,45,45.861441,43.539189,,TRUE,http://www.gallup.com/poll/201617/gallup-daily-trump-job-approval.aspx,49253,77265,1/23/2017,11:47:59 20 Jan 2021
Donald Trump,All polls,1/20/2021,1/21/2017,1/23/2017,Gallup,B,1500,a,0.24284463,0,45,46,45.861441,44.539189,,TRUE,http://www.gallup.com/poll/201617/gallup-daily-trump-job-approval.aspx,49262,77274,1/24/2017,11:47:59 20 Jan 2021
Donald Trump,All polls,1/20/2021,1/22/2017,1/24/2017,Gallup,B,1500,a,0.22737954,0,46,45,46.861441,43.539189,,TRUE,http://www.gallup.com/poll/201617/gallup-daily-trump-job-approval.aspx,49236,77248,1/25/2017,11:47:59 20 Jan 2021
Donald Trump,All polls,1/20/2021,1/23/2017,1/25/2017,Gallup,B,1500,a,0.21487688,0,46,45,46.861441,43.539189,,TRUE,http://www.gallup.com/poll/201617/gallup-daily-trump-job-approval.aspx,49245,77257,1/26/2017,11:47:59 20 Jan 2021
Donald Trump,All polls,1/20/2021,1/24/2017,1/26/2017,Gallup,B,1500,a,0.20464698,0,45,48,45.861441,46.539189,,TRUE,http://www.gallup.com/poll/201617/gallup-daily-trump-job-approval.aspx,49242,77254,1/27/2017,11:47:59 20 Jan 2021
Donald Trump,All polls,1/20/2021,1/25/2017,1/27/2017,Gallup,B,1500,a,0.19621853,0,42,50,42.861441,48.539189,,TRUE,http://www.gallup.com/poll/201617/gallup-daily-trump-job-approval.aspx,49257,77269,1/28/2017,11:47:59 20 Jan 2021
Donald Trump,All polls,1/20/2021,1/26/2017,1/28/2017,Gallup,B,1500,a,0.18925993,0,42,51,42.861441,49.539189,,TRUE,http://www.gallup.com/poll/201617/gallup-daily-trump-job-approval.aspx,49251,77263,1/29/2017,11:47:59 20 Jan 2021
Donald Trump,All polls,1/20/2021,1/27/2017,1/29/2017,Gallup,B,1500,a,0.18353335,0,43,50,43.861441,48.539189,,TRUE,http://www.gallup.com/poll/201617/gallup-daily-trump-job-approval.aspx,49235,77247,1/30/2017,11:47:59 20 Jan 2021
Donald Trump,All polls,1/20/2021,1/28/2017,1/30/2017,Gallup,B,1500,a,0.17886687,0,43,51,43.861441,49.539189,,TRUE,http://www.gallup.com/poll/201617/gallup-daily-trump-job-approval.aspx,49267,77279,1/31/2017,11:47:59 20 Jan 2021
Donald Trump,All polls,1/20/2021,1/29/2017,1/31/2017,Gallup,B,1500,a,0.17513695,0,43,52,43.861441,50.539189,,TRUE,http://www.gallup.com/poll/201617/gallup-daily-trump-job-approval.aspx,49244,77256,2/1/2017,11:47:59 20 Jan 2021
Donald Trump,All polls,1/20/2021,1/30/2017,2/1/2017,Gallup,B,1500,a,0.1722575,0,43,52,43.861441,50.539189,,TRUE,http://www.gallup.com/poll/201617/gallup-daily-trump-job-approval.aspx,49232,77244,2/2/2017,11:47:59 20 Jan 2021
Donald Trump,All polls,1/20/2021,1/31/2017,2/2/2017,Gallup,B,1500,a,0.17017311,0,43,52,43.861441,50.539189,,TRUE,http://www.gallup.com/poll/201617/gallup-daily-trump-job-approval.aspx,49233,77245,2/3/2017,11:47:59 20 Jan 2021
Donald Trump,All polls,1/20/2021,2/1/2017,2/3/2017,Gallup,B,1500,a,0.16833145,0,44,50,44.861441,48.539189,,TRUE,http://www.gallup.com/poll/201617/gallup-daily-trump-job-approval.aspx,49248,77260,2/4/2017,11:47:59 20 Jan 2021
Donald Trump,All polls,1/20/2021,2/2/2017,2/4/2017,Gallup,B,1500,a,0.16670903,0,42,53,42.861441,51.539189,,TRUE,http://www.gallup.com/poll/201617/gallup-daily-trump-job-approval.aspx,49265,77277,2/5/2017,11:47:59 20 Jan 2021
Donald Trump,All polls,1/20/2021,2/3/2017,2/5/2017,Gallup,B,1500,a,0.16528638,0,42,52,42.861441,50.539189,,TRUE,http://www.gallup.com/poll/201617/gallup-daily-trump-job-approval.aspx,49261,77273,2/6/2017,11:47:59 20 Jan 2021
Donald Trump,All polls,1/20/2021,2/4/2017,2/6/2017,Gallup,B,1500,a,0.16404735,0,42,54,42.861441,52.539189,,TRUE,http://www.gallup.com/poll/201617/gallup-daily-trump-job-approval.aspx,49274,77288,2/7/2017,11:47:59 20 Jan 2021
Donald Trump,All polls,1/20/2021,2/5/2017,2/7/2017,Gallup,B,1500,a,0.16297863,0,43,52,43.861441,50.539189,,TRUE,http://www.gallup.com/poll/201617/gallup-daily-trump-job-approval.aspx,49291,77306,2/8/2017,11:47:59 20 Jan 2021
Donald Trump,All polls,1/20/2021,2/6/2017,2/8/2017,Gallup,B,1500,a,0.16206931,0,43,52,43.861441,50.539189,,TRUE,http://www.gallup.com/poll/201617/gallup-daily-trump-job-approval.aspx,49286,77301,2/9/2017,11:47:59 20 Jan 2021
Donald Trump,All polls,1/20/2021,2/7/2017,2/9/2017,Gallup,B,1500,a,0.16131057,0,42,52,42.861441,50.539189,,TRUE,http://www.gallup.com/poll/201617/gallup-daily-trump-job-approval.aspx,49289,77304,2/10/2017,11:47:59 20 Jan 2021
Donald Trump,All polls,1/20/2021,2/8/2017,2/10/2017,Gallup,B,1500,a,0.16069545,0,41,53,41.861441,51.539189,,TRUE,http://www.gallup.com/poll/201617/gallup-daily-trump-job-approval.aspx,49283,77298,2/11/2017,11:47:59 20 Jan 2021
Donald Trump,All polls,1/20/2021,2/9/2017,2/11/2017,Gallup,B,1500,a,0.16021868,0,40,55,40.861441,53.539189,,TRUE,http://www.gallup.com/poll/201617/gallup-daily-trump-job-approval.aspx,49285,77300,2/12/2017,11:47:59 20 Jan 2021
Donald Trump,All polls,1/20/2021,2/10/2017,2/12/2017,Gallup,B,1500,a,0.15987653,0,40,54,40.861441,52.539189,,TRUE,http://www.gallup.com/poll/201617/gallup-daily-trump-job-approval.aspx,49279,77294,2/13/2017,11:47:59 20 Jan 2021
Donald Trump,All polls,1/20/2021,2/11/2017,2/13/2017,Gallup,B,1500,a,0.15957436,0,40,54,40.861441,52.539189,,TRUE,http://www.gallup.com/poll/201617/gallup-daily-trump-job-approval.aspx,49282,77297,2/14/2017,11:47:59 20 Jan 2021
Donald Trump,All polls,1/20/2021,2/12/2017,2/14/2017,Gallup,B,1500,a,0.15931022,0,40,53,40.861441,51.539189,,TRUE,http://www.gallup.com/poll/201617/gallup-daily-trump-job-approval.aspx,49298,77314,2/15/2017,11:47:59 20 Jan 2021
Donald Trump,All polls,1/20/2021,2/13/2017,2/15/2017,Gallup,B,1500,a,0.15908247,0,40,54,40.861441,52.539189,,TRUE,http://www.gallup.com/poll/201617/gallup-daily-trump-job-approval.aspx,49303,77319,2/16/2017,11:47:59 20 Jan 2021
Donald Trump,All polls,1/20/2021,2/14/2017,2/16/2017,Gallup,B,1500,a,0.15888971,0,38,56,38.861441,54.539189,,TRUE,http://www.gallup.com/poll/201617/gallup-daily-trump-job-approval.aspx,49297,77313,2/17/2017,11:47:59 20 Jan 2021
Donald Trump,All polls,1/20/2021,2/15/2017,2/17/2017,Gallup,B,1500,a,0.15873077,0,40,55,40.861441,53.539189,,TRUE,http://www.gallup.com/poll/201617/gallup-daily-trump-job-approval.aspx,49301,77317,2/18/2017,11:47:59 20 Jan 2021
Donald Trump,All polls,1/20/2021,2/16/2017,2/18/2017,Gallup,B,1500,a,0.15860471,0,41,55,41.861441,53.539189,,TRUE,http://www.gallup.com/poll/201617/gallup-daily-trump-job-approval.aspx,49299,77315,2/19/2017,11:47:59 20 Jan 2021
Donald Trump,All polls,1/20/2021,2/17/2017,2/19/2017,Gallup,B,1500,a,0.1585108,0,42,53,42.861441,51.539189,,TRUE,http://www.gallup.com/poll/201617/gallup-daily-trump-job-approval.aspx,49310,77326,2/20/2017,11:47:59 20 Jan 2021
Donald Trump,All polls,1/20/2021,2/18/2017,2/20/2017,Gallup,B,1500,a,0.15844849,0,41,53,41.861441,51.539189,,TRUE,http://www.gallup.com/poll/201617/gallup-daily-trump-job-approval.aspx,49312,77328,2/21/2017,11:47:59 20 Jan 2021
Donald Trump,All polls,1/20/2021,2/19/2017,2/21/2017,Gallup,B,1500,a,0.15841743,0,42,52,42.861441,50.539189,,TRUE,http://www.gallup.com/poll/201617/gallup-daily-trump-job-approval.aspx,49328,77344,2/22/2017,11:47:59 20 Jan 2021
Donald Trump,All polls,1/20/2021,2/20/2017,2/22/2017,Gallup,B,1500,a,0.15841743,0,43,52,43.861441,50.539189,,TRUE,http://www.gallup.com/poll/201617/gallup-daily-trump-job-approval.aspx,49320,77336,2/23/2017,11:47:59 20 Jan 2021
Donald Trump,All polls,1/20/2021,2/21/2017,2/23/2017,Gallup,B,1500,a,0.15841743,0,43,52,43.861441,50.539189,,TRUE,http://www.gallup.com/poll/201617/gallup-daily-trump-job-approval.aspx,49319,77335,2/24/2017,11:47:59 20 Jan 2021
Donald Trump,All polls,1/20/2021,2/22/2017,2/24/2017,Gallup,B,1500,a,0.15841743,0,41,53,41.861441,51.539189,,TRUE,http://www.gallup.com/poll/201617/gallup-daily-trump-job-approval.aspx,49331,77347,2/25/2017,11:47:59 20 Jan 2021
Donald Trump,All polls,1/20/2021,2/23/2017,2/25/2017,Gallup,B,1500,a,0.15841743,0,41,54,41.861441,52.539189,,TRUE,http://www.gallup.com/poll/201617/gallup-daily-trump-job-approval.aspx,49327,77343,2/26/2017,11:47:59 20 Jan 2021
Donald Trump,All polls,1/20/2021,2/24/2017,2/26/2017,Gallup,B,1500,a,0.15841743,0,42,54,42.861441,52.539189,,TRUE,http://www.gallup.com/poll/201617/gallup-daily-trump-job-approval.aspx,49370,77451,2/27/2017,11:47:59 20 Jan 2021
Donald Trump,All polls,1/20/2021,2/25/2017,2/27/2017,Gallup,B,1500,a,0.15841743,0,42,54,42.861441,52.539189,,TRUE,http://www.gallup.com/poll/201617/gallup-daily-trump-job-approval.aspx,49374,77460,2/28/2017,11:47:59 20 Jan 2021
Donald Trump,All polls,1/20/2021,2/26/2017,2/28/2017,Gallup,B,1500,a,0.15841743,0,43,52,43.861441,50.539189,,TRUE,http://www.gallup.com/poll/201617/gallup-daily-trump-job-approval.aspx,49431,77604,3/1/2017,11:47:59 20 Jan 2021
Donald Trump,All polls,1/20/2021,2/27/2017,3/1/2017,Gallup,B,1500,a,0.15841743,0,43,51,43.861441,49.539189,,TRUE,http://www.gallup.com/poll/201617/gallup-daily-trump-job-approval.aspx,49435,77609,3/2/2017,11:47:59 20 Jan 2021
Donald Trump,All polls,1/20/2021,2/28/2017,3/2/2017,Gallup,B,1500,a,0.15841743,0,43,51,43.861441,49.539189,,TRUE,http://www.gallup.com/poll/201617/gallup-daily-trump-job-approval.aspx,49438,77613,3/3/2017,11:47:59 20 Jan 2021
Donald Trump,All polls,1/20/2021,3/1/2017,3/3/2017,Gallup,B,1500,a,0.15841743,0,43,51,43.861441,49.539189,,TRUE,http://www.gallup.com/poll/201617/gallup-daily-trump-job-approval.aspx,49443,77625,3/5/2017,11:47:59 20 Jan 2021
Donald Trump,All polls,1/20/2021,3/2/2017,3/4/2017,Gallup,B,1500,a,0.15841743,0,43,50,43.861441,48.539189,,TRUE,http://www.gallup.com/poll/201617/gallup-daily-trump-job-approval.aspx,49444,77626,3/5/2017,11:47:59 20 Jan 2021
Donald Trump,All polls,1/20/2021,3/3/2017,3/5/2017,Gallup,B,1500,a,0.15841743,0,44,50,44.861441,48.539189,,TRUE,http://www.gallup.com/poll/201617/gallup-daily-trump-job-approval.aspx,49448,77630,3/6/2017,11:47:59 20 Jan 2021
Donald Trump,All polls,1/20/2021,3/4/2017,3/6/2017,Gallup,B,1500,a,0.15841743,0,43,51,43.861441,49.539189,,TRUE,http://www.gallup.com/poll/201617/gallup-daily-trump-job-approval.aspx,49452,77635,3/7/2017,11:47:59 20 Jan 2021
Donald Trump,All polls,1/20/2021,3/5/2017,3/7/2017,Gallup,B,1500,a,0.15841743,0,42,53,42.861441,51.539189,,TRUE,http://www.gallup.com/poll/201617/gallup-daily-trump-job-approval.aspx,49464,77655,3/8/2017,11:47:59 20 Jan 2021
Donald Trump,All polls,1/20/2021,3/6/2017,3/8/2017,Gallup,B,1500,a,0.15841743,0,41,53,41.861441,51.539189,,TRUE,http://www.gallup.com/poll/201617/gallup-daily-trump-job-approval.aspx,49467,77662,3/9/2017,11:47:59 20 Jan 2021
Donald Trump,All polls,1/20/2021,3/7/2017,3/9/2017,Gallup,B,1500,a,0.15841743,0,42,52,42.861441,50.539189,,TRUE,http://www.gallup.com/poll/201617/gallup-daily-trump-job-approval.aspx,49470,77665,3/10/2017,11:47:59 20 Jan 2021
Donald Trump,All polls,1/20/2021,3/8/2017,3/10/2017,Gallup,B,1500,a,0.15841743,0,44,49,44.861441,47.539189,,TRUE,http://www.gallup.com/poll/201617/gallup-daily-trump-job-approval.aspx,49474,77675,3/11/2017,11:47:59 20 Jan 2021
Donald Trump,All polls,1/20/2021,3/9/2017,3/11/2017,Gallup,B,1500,a,0.15841743,0,45,49,45.861441,47.539189,,TRUE,http://www.gallup.com/poll/201617/gallup-daily-trump-job-approval.aspx,49476,77678,3/12/2017,11:47:59 20 Jan 2021
Donald Trump,All polls,1/20/2021,3/10/2017,3/12/2017,Gallup,B,1500,a,0.15841743,0,42,51,42.861441,49.539189,,TRUE,http://www.gallup.com/poll/201617/gallup-daily-trump-job-approval.aspx,49479,77681,3/13/2017,11:47:59 20 Jan 2021
Donald Trump,All polls,1/20/2021,3/11/2017,3/13/2017,Gallup,B,1500,a,0.15841743,0,39,55,39.861441,53.539189,,TRUE,http://www.gallup.com/poll/201617/gallup-daily-trump-job-approval.aspx,49485,77695,3/14/2017,11:47:59 20 Jan 2021
Donald Trump,All polls,1/20/2021,3/12/2017,3/14/2017,Gallup,B,1500,a,0.15841743,0,40,54,40.861441,52.539189,,TRUE,http://www.gallup.com/poll/201617/gallup-daily-trump-job-approval.aspx,49491,77702,3/15/2017,11:47:59 20 Jan 2021
Donald Trump,All polls,1/20/2021,3/13/2017,3/15/2017,Gallup,B,1500,a,0.15841743,0,42,53,42.861441,51.539189,,TRUE,http://www.gallup.com/poll/201617/gallup-daily-trump-job-approval.aspx,49494,77705,3/16/2017,11:47:59 20 Jan 2021
Donald Trump,All polls,1/20/2021,3/14/2017,3/16/2017,Gallup,B,1500,a,0.15841743,0,41,54,41.861441,52.539189,,TRUE,http://www.gallup.com/poll/201617/gallup-daily-trump-job-approval.aspx,49502,77720,3/17/2017,11:47:59 20 Jan 2021
Donald Trump,All polls,1/20/2021,3/15/2017,3/17/2017,Gallup,B,1500,a,0.15844849,0,40,55,40.861441,53.539189,,TRUE,http://www.gallup.com/poll/201617/gallup-daily-trump-job-approval.aspx,49503,77721,3/18/2017,11:47:59 20 Jan 2021
Donald Trump,All polls,1/20/2021,3/16/2017,3/18/2017,Gallup,B,1500,a,0.15848741,0,37,58,37.861441,56.539189,,TRUE,http://www.gallup.com/poll/201617/gallup-daily-trump-job-approval.aspx,49505,77723,3/19/2017,11:47:59 20 Jan 2021
Donald Trump,All polls,1/20/2021,3/17/2017,3/19/2017,Gallup,B,1500,a,0.1585108,0,39,55,39.861441,53.539189,,TRUE,http://www.gallup.com/poll/201617/gallup-daily-trump-job-approval.aspx,49507,77725,3/20/2017,11:47:59 20 Jan 2021
Donald Trump,All polls,1/20/2021,3/18/2017,3/20/2017,Gallup,B,1500,a,0.15853423,0,39,56,39.861441,54.539189,,TRUE,http://www.gallup.com/poll/201617/gallup-daily-trump-job-approval.aspx,49510,77728,3/21/2017,11:47:59 20 Jan 2021
Donald Trump,All polls,1/20/2021,3/19/2017,3/21/2017,Gallup,B,1500,a,0.15855769,0,40,55,40.861441,53.539189,,TRUE,http://www.gallup.com/poll/201617/gallup-daily-trump-job-approval.aspx,49519,77745,3/22/2017,11:47:59 20 Jan 2021
Donald Trump,All polls,1/20/2021,3/20/2017,3/22/2017,Gallup,B,1500,a,0.15858118,0,39,56,39.861441,54.539189,,TRUE,http://www.gallup.com/poll/201617/gallup-daily-trump-job-approval.aspx,49524,77751,3/23/2017,11:47:59 20 Jan 2021
Donald Trump,All polls,1/20/2021,3/21/2017,3/23/2017,Gallup,B,1500,a,0.15860471,0,41,54,41.861441,52.539189,,TRUE,http://www.gallup.com/poll/201617/gallup-daily-trump-job-approval.aspx,49528,77756,3/24/2017,11:47:59 20 Jan 2021
Donald Trump,All polls,1/20/2021,3/22/2017,3/24/2017,Gallup,B,1500,a,0.15862827,0,41,54,41.861441,52.539189,,TRUE,http://www.gallup.com/poll/201617/gallup-daily-trump-job-approval.aspx,49533,77767,3/25/2017,11:47:59 20 Jan 2021
Donald Trump,All polls,1/20/2021,3/23/2017,3/25/2017,Gallup,B,1500,a,0.15865187,0,40,54,40.861441,52.539189,,TRUE,http://www.gallup.com/poll/201617/gallup-daily-trump-job-approval.aspx,49534,77768,3/26/2017,11:47:59 20 Jan 2021
Donald Trump,All polls,1/20/2021,3/24/2017,3/26/2017,Gallup,B,1500,a,0.1586755,0,36,57,36.861441,55.539189,,TRUE,http://www.gallup.com/poll/201617/gallup-daily-trump-job-approval.aspx,49536,77770,3/27/2017,11:47:59 20 Jan 2021
Donald Trump,All polls,1/20/2021,3/25/2017,3/27/2017,Gallup,B,1500,a,0.15879154,0,36,56,36.861441,54.539189,,TRUE,http://www.gallup.com/poll/201617/gallup-daily-trump-job-approval.aspx,49538,77772,3/28/2017,11:47:59 20 Jan 2021
Donald Trump,All polls,1/20/2021,3/26/2017,3/28/2017,Gallup,B,1500,a,0.15893122,0,35,59,35.861441,57.539189,,TRUE,http://www.gallup.com/poll/201617/gallup-daily-trump-job-approval.aspx,49548,77792,3/29/2017,11:47:59 20 Jan 2021
Donald Trump,All polls,1/20/2021,3/27/2017,3/29/2017,Gallup,B,1500,a,0.15902482,0,38,57,38.861441,55.539189,,TRUE,http://www.gallup.com/poll/201617/gallup-daily-trump-job-approval.aspx,49553,77797,3/30/2017,11:47:59 20 Jan 2021
Donald Trump,All polls,1/20/2021,3/28/2017,3/30/2017,Gallup,B,1500,a,0.15911867,0,38,56,38.861441,54.539189,,TRUE,http://www.gallup.com/poll/201617/gallup-daily-trump-job-approval.aspx,49561,77811,3/31/2017,11:47:59 20 Jan 2021
Donald Trump,All polls,1/20/2021,3/29/2017,3/31/2017,Gallup,B,1500,a,0.15921276,0,40,56,40.861441,54.539189,,TRUE,http://www.gallup.com/poll/201617/gallup-daily-trump-job-approval.aspx,49562,77812,4/1/2017,11:47:59 20 Jan 2021
Donald Trump,All polls,1/20/2021,3/30/2017,4/1/2017,Gallup,B,1500,a,0.1593071,0,38,57,38.861441,55.539189,,TRUE,http://www.gallup.com/poll/201617/gallup-daily-trump-job-approval.aspx,49563,77813,4/2/2017,11:47:59 20 Jan 2021
Donald Trump,All polls,1/20/2021,3/31/2017,4/2/2017,Gallup,B,1500,a,0.15940169,0,38,57,38.861441,55.539189,,TRUE,http://www.gallup.com/poll/201617/gallup-daily-trump-job-approval.aspx,49565,77816,4/3/2017,11:47:59 20 Jan 2021
Donald Trump,All polls,1/20/2021,4/1/2017,4/3/2017,Gallup,B,1500,a,0.15952845,0,39,55,39.861441,53.539189,,TRUE,http://www.gallup.com/poll/201617/gallup-daily-trump-job-approval.aspx,49568,77820,4/4/2017,11:47:59 20 Jan 2021
Donald Trump,All polls,1/20/2021,4/2/2017,4/4/2017,Gallup,B,1500,a,0.15966364,0,42,52,42.861441,50.539189,,TRUE,http://www.gallup.com/poll/201617/gallup-daily-trump-job-approval.aspx,49579,77840,4/5/2017,11:47:59 20 Jan 2021
Donald Trump,All polls,1/20/2021,4/3/2017,4/5/2017,Gallup,B,1500,a,0.15977515,0,41,53,41.861441,51.539189,,TRUE,http://www.gallup.com/poll/201617/gallup-daily-trump-job-approval.aspx,49581,77842,4/6/2017,11:47:59 20 Jan 2021
Donald Trump,All polls,1/20/2021,4/4/2017,4/6/2017,Gallup,B,1500,a,0.16041092,0,40,54,40.861441,52.539189,,TRUE,http://www.gallup.com/poll/201617/gallup-daily-trump-job-approval.aspx,49584,77845,4/7/2017,11:47:59 20 Jan 2021
Donald Trump,All polls,1/20/2021,4/5/2017,4/7/2017,Gallup,B,1500,a,0.16118777,0,40,54,40.861441,52.539189,,TRUE,http://www.gallup.com/poll/201617/gallup-daily-trump-job-approval.aspx,49591,77859,4/8/2017,11:47:59 20 Jan 2021
Donald Trump,All polls,1/20/2021,4/6/2017,4/8/2017,Gallup,B,1500,a,0.16170439,0,40,54,40.861441,52.539189,,TRUE,http://www.gallup.com/poll/201617/gallup-daily-trump-job-approval.aspx,49592,77860,4/9/2017,11:47:59 20 Jan 2021
Donald Trump,All polls,1/20/2021,4/7/2017,4/9/2017,Gallup,B,1500,a,0.16222539,0,40,53,40.861441,51.539189,,TRUE,http://www.gallup.com/poll/201617/gallup-daily-trump-job-approval.aspx,49595,77863,4/10/2017,11:47:59 20 Jan 2021
Donald Trump,All polls,1/20/2021,4/8/2017,4/10/2017,Gallup,B,1500,a,0.16275083,0,40,54,40.861441,52.539189,,TRUE,http://www.gallup.com/poll/201617/gallup-daily-trump-job-approval.aspx,49597,77865,4/11/2017,11:47:59 20 Jan 2021
Donald Trump,All polls,1/20/2021,4/9/2017,4/11/2017,Gallup,B,1500,a,0.16328079,0,41,52,41.861441,50.539189,,TRUE,http://www.gallup.com/poll/201617/gallup-daily-trump-job-approval.aspx,49605,77882,4/12/2017,11:47:59 20 Jan 2021
Donald Trump,All polls,1/20/2021,4/10/2017,4/12/2017,Gallup,B,1500,a,0.16381533,0,40,54,40.861441,52.539189,,TRUE,http://www.gallup.com/poll/201617/gallup-daily-trump-job-approval.aspx,49607,77884,4/13/2017,11:47:59 20 Jan 2021
Donald Trump,All polls,1/20/2021,4/11/2017,4/13/2017,Gallup,B,1500,a,0.16445236,0,40,55,40.861441,53.539189,,TRUE,http://www.gallup.com/poll/201617/gallup-daily-trump-job-approval.aspx,49613,77891,4/14/2017,11:47:59 20 Jan 2021
Donald Trump,All polls,1/20/2021,4/12/2017,4/14/2017,Gallup,B,1500,a,0.16511983,0,39,55,39.861441,53.539189,,TRUE,http://www.gallup.com/poll/201617/gallup-daily-trump-job-approval.aspx,49614,77892,4/15/2017,11:47:59 20 Jan 2021
Donald Trump,All polls,1/20/2021,4/13/2017,4/15/2017,Gallup,B,1500,a,0.16571883,0,41,53,41.861441,51.539189,,TRUE,http://www.gallup.com/poll/201617/gallup-daily-trump-job-approval.aspx,49615,77893,4/16/2017,11:47:59 20 Jan 2021
Donald Trump,All polls,1/20/2021,4/14/2017,4/17/2017,Gallup,B,1500,a,0.12412144,0,41,52,41.861441,50.539189,,TRUE,http://www.gallup.com/poll/201617/gallup-daily-trump-job-approval.aspx,49623,77907,4/18/2017,11:47:59 20 Jan 2021
Donald Trump,All polls,1/20/2021,4/15/2017,4/18/2017,Gallup,B,1500,a,0.24649672,0,42,52,42.861441,50.539189,,TRUE,http://www.gallup.com/poll/201617/gallup-daily-trump-job-approval.aspx,49632,77924,4/19/2017,11:47:59 20 Jan 2021
Donald Trump,All polls,1/20/2021,4/17/2017,4/19/2017,Gallup,B,1500,a,0.16387737,0,43,50,43.861441,48.539189,,TRUE,http://www.gallup.com/poll/201617/gallup-daily-trump-job-approval.aspx,49638,77930,4/20/2017,11:47:59 20 Jan 2021
Donald Trump,All polls,1/20/2021,4/18/2017,4/20/2017,Gallup,B,1500,a,0.16342788,0,43,51,43.861441,49.539189,,TRUE,http://www.gallup.com/poll/201617/gallup-daily-trump-job-approval.aspx,49643,77936,4/21/2017,11:47:59 20 Jan 2021
Donald Trump,All polls,1/20/2021,4/19/2017,4/21/2017,Gallup,B,1500,a,0.16298262,0,42,52,42.861441,50.539189,,TRUE,http://www.gallup.com/poll/201617/gallup-daily-trump-job-approval.aspx,49644,77937,4/22/2017,11:47:59 20 Jan 2021
Donald Trump,All polls,1/20/2021,4/20/2017,4/22/2017,Gallup,B,1500,a,0.16254151,0,40,54,40.861441,52.539189,,TRUE,http://www.gallup.com/poll/201617/gallup-daily-trump-job-approval.aspx,49645,77938,4/23/2017,11:47:59 20 Jan 2021
Donald Trump,All polls,1/20/2021,4/21/2017,4/23/2017,Gallup,B,1500,a,0.16264427,0,40,54,40.861441,52.539189,,TRUE,http://www.gallup.com/poll/201617/gallup-daily-trump-job-approval.aspx,49649,77942,4/24/2017,11:47:59 20 Jan 2021
Donald Trump,All polls,1/20/2021,4/22/2017,4/24/2017,Gallup,B,1500,a,0.16288403,0,40,55,40.861441,53.539189,,TRUE,http://www.gallup.com/poll/201617/gallup-daily-trump-job-approval.aspx,49655,77954,4/25/2017,11:47:59 20 Jan 2021
Donald Trump,All polls,1/20/2021,4/23/2017,4/25/2017,Gallup,B,1500,a,0.1627147,0,39,56,39.861441,54.539189,,TRUE,http://www.gallup.com/poll/201617/gallup-daily-trump-job-approval.aspx,49658,77958,4/26/2017,11:47:59 20 Jan 2021
Donald Trump,All polls,1/20/2021,4/24/2017,4/26/2017,Gallup,B,1500,a,0.16254586,0,40,55,40.861441,53.539189,,TRUE,http://www.gallup.com/poll/201617/gallup-daily-trump-job-approval.aspx,49669,77977,4/27/2017,11:47:59 20 Jan 2021
Donald Trump,All polls,1/20/2021,4/25/2017,4/27/2017,Gallup,B,1500,a,0.1623775,0,43,52,43.861441,50.539189,,TRUE,http://www.gallup.com/poll/201617/gallup-daily-trump-job-approval.aspx,49673,77984,4/28/2017,11:47:59 20 Jan 2021
Donald Trump,All polls,1/20/2021,4/26/2017,4/28/2017,Gallup,B,1500,a,0.162753,0,43,51,43.861441,49.539189,,TRUE,http://www.gallup.com/poll/201617/gallup-daily-trump-job-approval.aspx,49674,77985,4/29/2017,11:47:59 20 Jan 2021
Donald Trump,All polls,1/20/2021,4/27/2017,4/29/2017,Gallup,B,1500,a,0.16327104,0,42,53,42.861441,51.539189,,TRUE,http://www.gallup.com/poll/201617/gallup-daily-trump-job-approval.aspx,49675,77986,4/30/2017,11:47:59 20 Jan 2021
Donald Trump,All polls,1/20/2021,4/28/2017,4/30/2017,Gallup,B,1500,a,0.16351654,0,41,55,41.861441,53.539189,,TRUE,http://www.gallup.com/poll/201617/gallup-daily-trump-job-approval.aspx,49677,77988,5/1/2017,11:47:59 20 Jan 2021
Donald Trump,All polls,1/20/2021,4/29/2017,5/1/2017,Gallup,B,1500,a,0.16376397,0,42,54,42.861441,52.539189,,TRUE,http://www.gallup.com/poll/201617/gallup-daily-trump-job-approval.aspx,49682,77999,5/2/2017,11:47:59 20 Jan 2021
Donald Trump,All polls,1/20/2021,4/30/2017,5/2/2017,Gallup,B,1500,a,0.16401333,0,42,52,42.861441,50.539189,,TRUE,http://www.gallup.com/poll/201617/gallup-daily-trump-job-approval.aspx,49690,78016,5/3/2017,11:47:59 20 Jan 2021
Donald Trump,All polls,1/20/2021,5/1/2017,5/4/2017,Gallup,B,1500,a,0.12234519,0,42,52,42.861441,50.539189,,TRUE,http://www.gallup.com/poll/201617/gallup-daily-trump-job-approval.aspx,49694,78020,5/5/2017,11:47:59 20 Jan 2021
Donald Trump,All polls,1/20/2021,5/3/2017,5/5/2017,Gallup,B,1500,a,0.16167191,0,40,54,40.861441,52.539189,,TRUE,http://www.gallup.com/poll/201617/gallup-daily-trump-job-approval.aspx,49703,78036,5/9/2017,11:47:59 20 Jan 2021
Donald Trump,All polls,1/20/2021,5/2/2017,5/5/2017,Gallup,B,1500,a,0.12125393,0,40,54,40.861441,52.539189,,TRUE,http://www.gallup.com/poll/201617/gallup-daily-trump-job-approval.aspx,49699,78032,5/6/2017,11:47:59 20 Jan 2021
Donald Trump,All polls,1/20/2021,5/4/2017,5/6/2017,Gallup,B,1500,a,0.16124156,0,40,54,40.861441,52.539189,,TRUE,http://www.gallup.com/poll/201617/gallup-daily-trump-job-approval.aspx,49700,78033,5/7/2017,11:47:59 20 Jan 2021
Donald Trump,All polls,1/20/2021,5/5/2017,5/7/2017,Gallup,B,1500,a,0.16081371,0,42,53,42.861441,51.539189,,TRUE,http://www.gallup.com/poll/201617/gallup-daily-trump-job-approval.aspx,49702,78035,5/8/2017,11:47:59 20 Jan 2021
Donald Trump,All polls,1/20/2021,5/6/2017,5/8/2017,Gallup,B,1500,a,0.16048267,0,40,53,40.861441,51.539189,,TRUE,http://www.gallup.com/poll/201617/gallup-daily-trump-job-approval.aspx,49706,78039,5/9/2017,11:47:59 20 Jan 2021
Donald Trump,All polls,1/20/2021,5/7/2017,5/9/2017,Gallup,B,1500,a,0.16017714,0,40,53,40.861441,51.539189,,TRUE,http://www.gallup.com/poll/201617/gallup-daily-trump-job-approval.aspx,49714,78056,5/10/2017,11:47:59 20 Jan 2021
Donald Trump,All polls,1/20/2021,5/8/2017,5/10/2017,Gallup,B,1500,a,0.15982623,0,38,55,38.861441,53.539189,,TRUE,http://www.gallup.com/poll/201617/gallup-daily-trump-job-approval.aspx,49717,78059,5/11/2017,11:47:59 20 Jan 2021
Donald Trump,All polls,1/20/2021,5/9/2017,5/11/2017,Gallup,B,1500,a,0.15947724,0,41,54,41.861441,52.539189,,TRUE,http://www.gallup.com/poll/201617/gallup-daily-trump-job-approval.aspx,49721,78064,5/12/2017,11:47:59 20 Jan 2021
Donald Trump,All polls,1/20/2021,5/10/2017,5/12/2017,Gallup,B,1500,a,0.15913016,0,40,55,40.861441,53.539189,,TRUE,http://www.gallup.com/poll/201617/gallup-daily-trump-job-approval.aspx,49722,78065,5/13/2017,11:47:59 20 Jan 2021
Donald Trump,All polls,1/20/2021,5/11/2017,5/13/2017,Gallup,B,1500,a,0.15878496,0,39,56,39.861441,54.539189,,TRUE,http://www.gallup.com/poll/201617/gallup-daily-trump-job-approval.aspx,49723,78066,5/14/2017,11:47:59 20 Jan 2021
Donald Trump,All polls,1/20/2021,5/12/2017,5/14/2017,Gallup,B,1500,a,0.15844162,0,38,57,38.861441,55.539189,,TRUE,http://www.gallup.com/poll/201617/gallup-daily-trump-job-approval.aspx,49729,78078,5/15/2017,11:47:59 20 Jan 2021
Donald Trump,All polls,1/20/2021,5/13/2017,5/15/2017,Gallup,B,1500,a,0.15861225,0,38,57,38.861441,55.539189,,TRUE,http://www.gallup.com/poll/201617/gallup-daily-trump-job-approval.aspx,49732,78081,5/16/2017,11:47:59 20 Jan 2021
Donald Trump,All polls,1/20/2021,5/14/2017,5/16/2017,Gallup,B,1500,a,0.15891466,0,38,57,38.861441,55.539189,,TRUE,http://www.gallup.com/poll/201617/gallup-daily-trump-job-approval.aspx,49740,78098,5/17/2017,11:47:59 20 Jan 2021
Donald Trump,All polls,1/20/2021,5/15/2017,5/17/2017,Gallup,B,1500,a,0.15882877,0,38,56,38.861441,54.539189,,TRUE,http://www.gallup.com/poll/201617/gallup-daily-trump-job-approval.aspx,49742,78100,5/18/2017,11:47:59 20 Jan 2021
Donald Trump,All polls,1/20/2021,5/16/2017,5/18/2017,Gallup,B,1500,a,0.15877446,0,38,56,38.861441,54.539189,,TRUE,http://www.gallup.com/poll/201617/gallup-daily-trump-job-approval.aspx,49746,78105,5/19/2017,11:47:59 20 Jan 2021
Donald Trump,All polls,1/20/2021,5/17/2017,5/19/2017,Gallup,B,1500,a,0.15872809,0,37,56,37.861441,54.539189,,TRUE,http://www.gallup.com/poll/201617/gallup-daily-trump-job-approval.aspx,49751,78117,5/20/2017,11:47:59 20 Jan 2021
Donald Trump,All polls,1/20/2021,5/18/2017,5/20/2017,Gallup,B,1500,a,0.15866611,0,38,56,38.861441,54.539189,,TRUE,http://www.gallup.com/poll/201617/gallup-daily-trump-job-approval.aspx,49752,78118,5/21/2017,11:47:59 20 Jan 2021
Donald Trump,All polls,1/20/2021,5/19/2017,5/21/2017,Gallup,B,1500,a,0.15860424,0,37,56,37.861441,54.539189,,TRUE,http://www.gallup.com/poll/201617/gallup-daily-trump-job-approval.aspx,49755,78121,5/22/2017,11:47:59 20 Jan 2021
Donald Trump,All polls,1/20/2021,5/20/2017,5/22/2017,Gallup,B,1500,a,0.15854248,0,38,56,38.861441,54.539189,,TRUE,http://www.gallup.com/poll/201617/gallup-daily-trump-job-approval.aspx,49758,78124,5/23/2017,11:47:59 20 Jan 2021
Donald Trump,All polls,1/20/2021,5/21/2017,5/23/2017,Gallup,B,1500,a,0.15848083,0,39,55,39.861441,53.539189,,TRUE,http://www.gallup.com/poll/201617/gallup-daily-trump-job-approval.aspx,49766,78141,5/24/2017,11:47:59 20 Jan 2021
Donald Trump,All polls,1/20/2021,5/22/2017,5/24/2017,Gallup,B,1500,a,0.15841928,0,39,55,39.861441,53.539189,,TRUE,http://www.gallup.com/poll/201617/gallup-daily-trump-job-approval.aspx,49782,78208,5/25/2017,11:47:59 20 Jan 2021
Donald Trump,All polls,1/20/2021,5/23/2017,5/25/2017,Gallup,B,1500,a,0.15844957,0,41,54,41.861441,52.539189,,TRUE,http://www.gallup.com/poll/201617/gallup-daily-trump-job-approval.aspx,49784,78211,5/26/2017,11:47:59 20 Jan 2021
Donald Trump,All polls,1/20/2021,5/24/2017,5/26/2017,Gallup,B,1500,a,0.158503,0,41,54,41.861441,52.539189,,TRUE,http://www.gallup.com/poll/201617/gallup-daily-trump-job-approval.aspx,49787,78214,5/27/2017,11:47:59 20 Jan 2021
Donald Trump,All polls,1/20/2021,5/25/2017,5/27/2017,Gallup,B,1500,a,0.15848741,0,42,53,42.861441,51.539189,,TRUE,http://www.gallup.com/poll/201617/gallup-daily-trump-job-approval.aspx,49788,78215,5/28/2017,11:47:59 20 Jan 2021
Donald Trump,All polls,1/20/2021,5/26/2017,5/28/2017,Gallup,B,1500,a,0.15847183,0,42,53,42.861441,51.539189,,TRUE,http://www.gallup.com/poll/201617/gallup-daily-trump-job-approval.aspx,49790,78217,5/29/2017,11:47:59 20 Jan 2021
Donald Trump,All polls,1/20/2021,5/27/2017,5/29/2017,Gallup,B,1500,a,0.15845627,0,41,54,41.861441,52.539189,,TRUE,http://www.gallup.com/poll/201617/gallup-daily-trump-job-approval.aspx,49795,78228,5/30/2017,11:47:59 20 Jan 2021
Donald Trump,All polls,1/20/2021,5/28/2017,5/30/2017,Gallup,B,1500,a,0.15844072,0,41,53,41.861441,51.539189,,TRUE,http://www.gallup.com/poll/201617/gallup-daily-trump-job-approval.aspx,49804,78250,5/31/2017,11:47:59 20 Jan 2021
Donald Trump,All polls,1/20/2021,5/29/2017,5/31/2017,Gallup,B,1500,a,0.15842519,0,40,54,40.861441,52.539189,,TRUE,http://www.gallup.com/poll/201617/gallup-daily-trump-job-approval.aspx,49806,78253,6/1/2017,11:47:59 20 Jan 2021
Donald Trump,All polls,1/20/2021,5/30/2017,6/1/2017,Gallup,B,1500,a,0.15840967,0,39,55,39.861441,53.539189,,TRUE,http://www.gallup.com/poll/201617/gallup-daily-trump-job-approval.aspx,49809,78257,6/2/2017,11:47:59 20 Jan 2021
Donald Trump,All polls,1/20/2021,5/31/2017,6/2/2017,Gallup,B,1500,a,0.15839417,0,37,57,37.861441,55.539189,,TRUE,http://www.gallup.com/poll/201617/gallup-daily-trump-job-approval.aspx,49810,78258,6/3/2017,11:47:59 20 Jan 2021
Donald Trump,All polls,1/20/2021,6/1/2017,6/3/2017,Gallup,B,1500,a,0.15837868,0,36,58,36.861441,56.539189,,TRUE,http://www.gallup.com/poll/201617/gallup-daily-trump-job-approval.aspx,49814,78268,6/4/2017,11:47:59 20 Jan 2021
Donald Trump,All polls,1/20/2021,6/2/2017,6/4/2017,Gallup,B,1500,a,0.15842519,0,37,57,37.861441,55.539189,,TRUE,http://www.gallup.com/poll/201617/gallup-daily-trump-job-approval.aspx,49816,78270,6/5/2017,11:47:59 20 Jan 2021
Donald Trump,All polls,1/20/2021,6/3/2017,6/5/2017,Gallup,B,1500,a,0.15848741,0,38,57,38.861441,55.539189,,TRUE,http://www.gallup.com/poll/201617/gallup-daily-trump-job-approval.aspx,49818,78272,6/6/2017,11:47:59 20 Jan 2021
Donald Trump,All polls,1/20/2021,6/4/2017,6/6/2017,Gallup,B,1500,a,0.1585108,0,38,57,38.861441,55.539189,,TRUE,http://www.gallup.com/poll/201617/gallup-daily-trump-job-approval.aspx,49827,78291,6/7/2017,11:47:59 20 Jan 2021
Donald Trump,All polls,1/20/2021,6/5/2017,6/7/2017,Gallup,B,1500,a,0.15853423,0,37,58,37.861441,56.539189,,TRUE,http://www.gallup.com/poll/201617/gallup-daily-trump-job-approval.aspx,49829,78294,6/8/2017,11:47:59 20 Jan 2021
Donald Trump,All polls,1/20/2021,6/6/2017,6/8/2017,Gallup,B,1500,a,0.15855769,0,37,58,37.861441,56.539189,,TRUE,http://www.gallup.com/poll/201617/gallup-daily-trump-job-approval.aspx,49833,78298,6/9/2017,11:47:59 20 Jan 2021
Donald Trump,All polls,1/20/2021,6/7/2017,6/9/2017,Gallup,B,1500,a,0.15858118,0,39,56,39.861441,54.539189,,TRUE,http://www.gallup.com/poll/201617/gallup-daily-trump-job-approval.aspx,49838,78310,6/10/2017,11:47:59 20 Jan 2021
Donald Trump,All polls,1/20/2021,6/8/2017,6/10/2017,Gallup,B,1500,a,0.15860471,0,38,58,38.861441,56.539189,,TRUE,http://www.gallup.com/poll/201617/gallup-daily-trump-job-approval.aspx,49839,78311,6/11/2017,11:47:59 20 Jan 2021
Donald Trump,All polls,1/20/2021,6/9/2017,6/11/2017,Gallup,B,1500,a,0.15862827,0,36,59,36.861441,57.539189,,TRUE,http://www.gallup.com/poll/201617/gallup-daily-trump-job-approval.aspx,49841,78313,6/12/2017,11:47:59 20 Jan 2021
Donald Trump,All polls,1/20/2021,6/10/2017,6/12/2017,Gallup,B,1500,a,0.15868338,0,36,60,36.861441,58.539189,,TRUE,http://www.gallup.com/poll/201617/gallup-daily-trump-job-approval.aspx,49844,78317,6/13/2017,11:47:59 20 Jan 2021
Donald Trump,All polls,1/20/2021,6/11/2017,6/13/2017,Gallup,B,1500,a,0.15874659,0,36,59,36.861441,57.539189,,TRUE,http://www.gallup.com/poll/201617/gallup-daily-trump-job-approval.aspx,49851,78334,6/14/2017,11:47:59 20 Jan 2021
Donald Trump,All polls,1/20/2021,6/12/2017,6/14/2017,Gallup,B,1500,a,0.15888653,0,38,57,38.861441,55.539189,,TRUE,http://www.gallup.com/poll/201617/gallup-daily-trump-job-approval.aspx,49856,78339,6/15/2017,11:47:59 20 Jan 2021
Donald Trump,All polls,1/20/2021,6/13/2017,6/15/2017,Gallup,B,1500,a,0.15905022,0,38,57,38.861441,55.539189,,TRUE,http://www.gallup.com/poll/201617/gallup-daily-trump-job-approval.aspx,49858,78341,6/16/2017,11:47:59 20 Jan 2021
Donald Trump,All polls,1/20/2021,6/14/2017,6/16/2017,Gallup,B,1500,a,0.15916794,0,39,55,39.861441,53.539189,,TRUE,http://www.gallup.com/poll/201617/gallup-daily-trump-job-approval.aspx,49865,78355,6/17/2017,11:47:59 20 Jan 2021
Donald Trump,All polls,1/20/2021,6/15/2017,6/17/2017,Gallup,B,1500,a,0.159286,0,39,55,39.861441,53.539189,,TRUE,http://www.gallup.com/poll/201617/gallup-daily-trump-job-approval.aspx,49866,78356,6/18/2017,11:47:59 20 Jan 2021
Donald Trump,All polls,1/20/2021,6/16/2017,6/18/2017,Gallup,B,1500,a,0.15940441,0,38,56,38.861441,54.539189,,TRUE,http://www.gallup.com/poll/201617/gallup-daily-trump-job-approval.aspx,49868,78358,6/19/2017,11:47:59 20 Jan 2021
Donald Trump,All polls,1/20/2021,6/17/2017,6/19/2017,Gallup,B,1500,a,0.15952318,0,37,57,37.861441,55.539189,,TRUE,http://www.gallup.com/poll/201617/gallup-daily-trump-job-approval.aspx,49872,78363,6/20/2017,11:47:59 20 Jan 2021
Donald Trump,All polls,1/20/2021,6/18/2017,6/20/2017,Gallup,B,1500,a,0.1596423,0,37,58,37.861441,56.539189,,TRUE,http://www.gallup.com/poll/201617/gallup-daily-trump-job-approval.aspx,49880,78380,6/21/2017,11:47:59 20 Jan 2021
Donald Trump,All polls,1/20/2021,6/19/2017,6/21/2017,Gallup,B,1500,a,0.15976177,0,39,56,39.861441,54.539189,,TRUE,http://www.gallup.com/poll/201617/gallup-daily-trump-job-approval.aspx,49884,78385,6/22/2017,11:47:59 20 Jan 2021
Donald Trump,All polls,1/20/2021,6/20/2017,6/22/2017,Gallup,B,1500,a,0.1599768,0,42,54,42.861441,52.539189,,TRUE,http://www.gallup.com/poll/201617/gallup-daily-trump-job-approval.aspx,49888,78390,6/23/2017,11:47:59 20 Jan 2021
Donald Trump,All polls,1/20/2021,6/21/2017,6/23/2017,Gallup,B,1500,a,0.16021719,0,39,55,39.861441,53.539189,,TRUE,http://www.gallup.com/poll/201617/gallup-daily-trump-job-approval.aspx,49891,78394,6/24/2017,11:47:59 20 Jan 2021
Donald Trump,All polls,1/20/2021,6/22/2017,6/24/2017,Gallup,B,1500,a,0.1609348,0,38,57,38.861441,55.539189,,TRUE,http://www.gallup.com/poll/201617/gallup-daily-trump-job-approval.aspx,49892,78395,6/25/2017,11:47:59 20 Jan 2021
Donald Trump,All polls,1/20/2021,6/23/2017,6/25/2017,Gallup,B,1500,a,0.16179422,0,36,58,36.861441,56.539189,,TRUE,http://www.gallup.com/poll/201617/gallup-daily-trump-job-approval.aspx,49897,78406,6/26/2017,11:47:59 20 Jan 2021
Donald Trump,All polls,1/20/2021,6/24/2017,6/26/2017,Gallup,B,1500,a,0.16239411,0,39,57,39.861441,55.539189,,TRUE,http://www.gallup.com/poll/201617/gallup-daily-trump-job-approval.aspx,49899,78408,6/27/2017,11:47:59 20 Jan 2021
Donald Trump,All polls,1/20/2021,6/25/2017,6/27/2017,Gallup,B,1500,a,0.16299912,0,39,56,39.861441,54.539189,,TRUE,http://www.gallup.com/poll/201617/gallup-daily-trump-job-approval.aspx,49911,78430,6/28/2017,11:47:59 20 Jan 2021
Donald Trump,All polls,1/20/2021,6/26/2017,6/28/2017,Gallup,B,1500,a,0.16360932,0,40,56,40.861441,54.539189,,TRUE,http://www.gallup.com/poll/201617/gallup-daily-trump-job-approval.aspx,49916,78439,6/29/2017,11:47:59 20 Jan 2021
Donald Trump,All polls,1/20/2021,6/27/2017,6/29/2017,Gallup,B,1500,a,0.16422478,0,38,57,38.861441,55.539189,,TRUE,http://www.gallup.com/poll/201617/gallup-daily-trump-job-approval.aspx,49919,78442,6/30/2017,11:47:59 20 Jan 2021
Donald Trump,All polls,1/20/2021,6/28/2017,6/30/2017,Gallup,B,1500,a,0.16484558,0,38,57,38.861441,55.539189,,TRUE,http://www.gallup.com/poll/201617/gallup-daily-trump-job-approval.aspx,49924,78454,7/1/2017,11:47:59 20 Jan 2021
Donald Trump,All polls,1/20/2021,6/29/2017,7/1/2017,Gallup,B,1500,a,0.16547178,0,37,57,37.861441,55.539189,,TRUE,http://www.gallup.com/poll/201617/gallup-daily-trump-job-approval.aspx,49925,78455,7/2/2017,11:47:59 20 Jan 2021
Donald Trump,All polls,1/20/2021,6/30/2017,7/2/2017,Gallup,B,1500,a,0.16668307,0,39,56,39.861441,54.539189,,TRUE,http://www.gallup.com/poll/201617/gallup-daily-trump-job-approval.aspx,49927,78457,7/3/2017,11:47:59 20 Jan 2021
Donald Trump,All polls,1/20/2021,7/1/2017,7/3/2017,Gallup,B,1500,a,0.16807002,0,37,57,37.861441,55.539189,,TRUE,http://www.gallup.com/poll/201617/gallup-daily-trump-job-approval.aspx,49929,78459,7/4/2017,11:47:59 20 Jan 2021
Donald Trump,All polls,1/20/2021,7/2/2017,7/5/2017,Gallup,B,1500,a,0.12660792,0,37,57,37.861441,55.539189,,TRUE,http://www.gallup.com/poll/201617/gallup-daily-trump-job-approval.aspx,49940,78481,7/6/2017,11:47:59 20 Jan 2021
Donald Trump,All polls,1/20/2021,7/3/2017,7/6/2017,Gallup,B,1500,a,0.25210504,0,37,57,37.861441,55.539189,,TRUE,http://www.gallup.com/poll/201617/gallup-daily-trump-job-approval.aspx,49943,78485,7/7/2017,11:47:59 20 Jan 2021
Donald Trump,All polls,1/20/2021,7/5/2017,7/7/2017,Gallup,B,1500,a,0.16807002,0,38,56,38.861441,54.539189,,TRUE,http://www.gallup.com/poll/201617/gallup-daily-trump-job-approval.aspx,49947,78494,7/8/2017,11:47:59 20 Jan 2021
Donald Trump,All polls,1/20/2021,7/6/2017,7/8/2017,Gallup,B,1500,a,0.16807002,0,39,56,39.861441,54.539189,,TRUE,http://www.gallup.com/poll/201617/gallup-daily-trump-job-approval.aspx,49948,78495,7/9/2017,11:47:59 20 Jan 2021
Donald Trump,All polls,1/20/2021,7/7/2017,7/9/2017,Gallup,B,1500,a,0.16807002,0,39,56,39.861441,54.539189,,TRUE,http://www.gallup.com/poll/201617/gallup-daily-trump-job-approval.aspx,49950,78497,7/10/2017,11:47:59 20 Jan 2021
Donald Trump,All polls,1/20/2021,7/8/2017,7/10/2017,Gallup,B,1500,a,0.16807002,0,40,55,40.861441,53.539189,,TRUE,http://www.gallup.com/poll/201617/gallup-daily-trump-job-approval.aspx,49952,78499,7/11/2017,11:47:59 20 Jan 2021
Donald Trump,All polls,1/20/2021,7/9/2017,7/11/2017,Gallup,B,1500,a,0.16807002,0,40,55,40.861441,53.539189,,TRUE,http://www.gallup.com/poll/201617/gallup-daily-trump-job-approval.aspx,49962,78518,7/12/2017,11:47:59 20 Jan 2021
Donald Trump,All polls,1/20/2021,7/10/2017,7/13/2017,Gallup,B,1500,a,0.12496167,0,39,55,39.861441,53.539189,,TRUE,http://www.gallup.com/poll/201617/gallup-daily-trump-job-approval.aspx,49969,78531,7/14/2017,11:47:59 20 Jan 2021
Donald Trump,All polls,1/20/2021,7/11/2017,7/14/2017,Gallup,B,1500,a,0.24726836,0,38,57,38.861441,55.539189,,TRUE,http://www.gallup.com/poll/201617/gallup-daily-trump-job-approval.aspx,49971,78534,7/15/2017,11:47:59 20 Jan 2021
Donald Trump,All polls,1/20/2021,7/13/2017,7/15/2017,Gallup,B,1500,a,0.16380825,0,38,56,38.861441,54.539189,,TRUE,http://www.gallup.com/poll/201617/gallup-daily-trump-job-approval.aspx,49972,78535,7/16/2017,11:47:59 20 Jan 2021
Donald Trump,All polls,1/20/2021,7/14/2017,7/16/2017,Gallup,B,1500,a,0.16333396,0,39,56,39.861441,54.539189,,TRUE,http://www.gallup.com/poll/201617/gallup-daily-trump-job-approval.aspx,49976,78540,7/17/2017,11:47:59 20 Jan 2021
Donald Trump,All polls,1/20/2021,7/15/2017,7/17/2017,Gallup,B,1500,a,0.16299912,0,38,56,38.861441,54.539189,,TRUE,http://www.gallup.com/poll/201617/gallup-daily-trump-job-approval.aspx,49980,78546,7/18/2017,11:47:59 20 Jan 2021
Donald Trump,All polls,1/20/2021,7/16/2017,7/18/2017,Gallup,B,1500,a,0.16239411,0,37,57,37.861441,55.539189,,TRUE,http://www.gallup.com/poll/201617/gallup-daily-trump-job-approval.aspx,49988,78564,7/19/2017,11:47:59 20 Jan 2021
Donald Trump,All polls,1/20/2021,7/17/2017,7/19/2017,Gallup,B,1500,a,0.16179422,0,36,59,36.861441,57.539189,,TRUE,http://www.gallup.com/poll/201617/gallup-daily-trump-job-approval.aspx,49992,78569,7/20/2017,11:47:59 20 Jan 2021
Donald Trump,All polls,1/20/2021,7/18/2017,7/20/2017,Gallup,B,1500,a,0.16119937,0,37,58,37.861441,56.539189,,TRUE,http://www.gallup.com/poll/201617/gallup-daily-trump-job-approval.aspx,49994,78571,7/21/2017,11:47:59 20 Jan 2021
Donald Trump,All polls,1/20/2021,7/19/2017,7/21/2017,Gallup,B,1500,a,0.1606095,0,38,57,38.861441,55.539189,,TRUE,http://www.gallup.com/poll/201617/gallup-daily-trump-job-approval.aspx,50001,78585,7/22/2017,11:47:59 20 Jan 2021
Donald Trump,All polls,1/20/2021,7/20/2017,7/22/2017,Gallup,B,1500,a,0.16002455,0,39,55,39.861441,53.539189,,TRUE,http://www.gallup.com/poll/201617/gallup-daily-trump-job-approval.aspx,50002,78586,7/23/2017,11:47:59 20 Jan 2021
Donald Trump,All polls,1/20/2021,7/21/2017,7/23/2017,Gallup,B,1500,a,0.15944444,0,37,58,37.861441,56.539189,,TRUE,http://www.gallup.com/poll/201617/gallup-daily-trump-job-approval.aspx,50005,78589,7/24/2017,11:47:59 20 Jan 2021
Donald Trump,All polls,1/20/2021,7/22/2017,7/24/2017,Gallup,B,1500,a,0.15938289,0,36,59,36.861441,57.539189,,TRUE,http://www.gallup.com/poll/201617/gallup-daily-trump-job-approval.aspx,50009,78593,7/25/2017,11:47:59 20 Jan 2021
Donald Trump,All polls,1/20/2021,7/23/2017,7/25/2017,Gallup,B,1500,a,0.15945267,0,37,58,37.861441,56.539189,,TRUE,http://www.gallup.com/poll/201617/gallup-daily-trump-job-approval.aspx,50015,78610,7/26/2017,11:47:59 20 Jan 2021
Donald Trump,All polls,1/20/2021,7/24/2017,7/26/2017,Gallup,B,1500,a,0.15935753,0,39,55,39.861441,53.539189,,TRUE,http://www.gallup.com/poll/201617/gallup-daily-trump-job-approval.aspx,50019,78615,7/27/2017,11:47:59 20 Jan 2021
Donald Trump,All polls,1/20/2021,7/25/2017,7/27/2017,Gallup,B,1500,a,0.159286,0,39,54,39.861441,52.539189,,TRUE,http://www.gallup.com/poll/201617/gallup-daily-trump-job-approval.aspx,50021,78617,7/28/2017,11:47:59 20 Jan 2021
Donald Trump,All polls,1/20/2021,7/26/2017,7/28/2017,Gallup,B,1500,a,0.15916794,0,39,56,39.861441,54.539189,,TRUE,http://www.gallup.com/poll/201617/gallup-daily-trump-job-approval.aspx,50026,78626,7/29/2017,11:47:59 20 Jan 2021
Donald Trump,All polls,1/20/2021,7/27/2017,7/29/2017,Gallup,B,1500,a,0.15905022,0,38,57,38.861441,55.539189,,TRUE,http://www.gallup.com/poll/201617/gallup-daily-trump-job-approval.aspx,50027,78627,7/30/2017,11:47:59 20 Jan 2021
Donald Trump,All polls,1/20/2021,7/28/2017,7/30/2017,Gallup,B,1500,a,0.15893286,0,37,59,37.861441,57.539189,,TRUE,http://www.gallup.com/poll/201617/gallup-daily-trump-job-approval.aspx,50029,78629,7/31/2017,11:47:59 20 Jan 2021
Donald Trump,All polls,1/20/2021,7/29/2017,7/31/2017,Gallup,B,1500,a,0.15881584,0,37,59,37.861441,57.539189,,TRUE,http://www.gallup.com/poll/201617/gallup-daily-trump-job-approval.aspx,50034,78634,8/1/2017,11:47:59 20 Jan 2021
Donald Trump,All polls,1/20/2021,7/30/2017,8/1/2017,Gallup,B,1500,a,0.15869916,0,36,60,36.861441,58.539189,,TRUE,http://www.gallup.com/poll/201617/gallup-daily-trump-job-approval.aspx,50041,78648,8/2/2017,11:47:59 20 Jan 2021
Donald Trump,All polls,1/20/2021,7/31/2017,8/2/2017,Gallup,B,1500,a,0.15858283,0,36,58,36.861441,56.539189,,TRUE,http://www.gallup.com/poll/201617/gallup-daily-trump-job-approval.aspx,50044,78652,8/3/2017,11:47:59 20 Jan 2021
Donald Trump,All polls,1/20/2021,8/1/2017,8/3/2017,Gallup,B,1500,a,0.15855866,0,36,58,36.861441,56.539189,,TRUE,http://www.gallup.com/poll/201617/gallup-daily-trump-job-approval.aspx,50046,78654,8/4/2017,11:47:59 20 Jan 2021
Donald Trump,All polls,1/20/2021,8/2/2017,8/4/2017,Gallup,B,1500,a,0.15855769,0,37,55,37.861441,53.539189,,TRUE,http://www.gallup.com/poll/201617/gallup-daily-trump-job-approval.aspx,50048,78657,8/5/2017,11:47:59 20 Jan 2021
Donald Trump,All polls,1/20/2021,8/3/2017,8/5/2017,Gallup,B,1500,a,0.15854205,0,38,56,38.861441,54.539189,,TRUE,http://www.gallup.com/poll/201617/gallup-daily-trump-job-approval.aspx,50049,78658,8/6/2017,11:47:59 20 Jan 2021
Donald Trump,All polls,1/20/2021,8/4/2017,8/6/2017,Gallup,B,1500,a,0.15853423,0,38,57,38.861441,55.539189,,TRUE,http://www.gallup.com/poll/201617/gallup-daily-trump-job-approval.aspx,50054,78666,8/7/2017,11:47:59 20 Jan 2021
Donald Trump,All polls,1/20/2021,8/5/2017,8/7/2017,Gallup,B,1500,a,0.1585108,0,37,59,37.861441,57.539189,,TRUE,http://www.gallup.com/poll/201617/gallup-daily-trump-job-approval.aspx,50059,78672,8/8/2017,11:47:59 20 Jan 2021
Donald Trump,All polls,1/20/2021,8/6/2017,8/8/2017,Gallup,B,1500,a,0.15848741,0,36,58,36.861441,56.539189,,TRUE,http://www.gallup.com/poll/201617/gallup-daily-trump-job-approval.aspx,50068,78687,8/9/2017,11:47:59 20 Jan 2021
Donald Trump,All polls,1/20/2021,8/7/2017,8/9/2017,Gallup,B,1500,a,0.15846405,0,36,57,36.861441,55.539189,,TRUE,http://www.gallup.com/poll/201617/gallup-daily-trump-job-approval.aspx,50070,78690,8/10/2017,11:47:59 20 Jan 2021
Donald Trump,All polls,1/20/2021,8/8/2017,8/10/2017,Gallup,B,1500,a,0.15844072,0,37,56,37.861441,54.539189,,TRUE,http://www.gallup.com/poll/201617/gallup-daily-trump-job-approval.aspx,50073,78696,8/11/2017,11:47:59 20 Jan 2021
Donald Trump,All polls,1/20/2021,8/9/2017,8/11/2017,Gallup,B,1500,a,0.15841743,0,37,57,37.861441,55.539189,,TRUE,http://www.gallup.com/poll/201617/gallup-daily-trump-job-approval.aspx,50079,78706,8/12/2017,11:47:59 20 Jan 2021
Donald Trump,All polls,1/20/2021,8/10/2017,8/12/2017,Gallup,B,1500,a,0.15839417,0,36,59,36.861441,57.539189,,TRUE,http://www.gallup.com/poll/201617/gallup-daily-trump-job-approval.aspx,50081,78708,8/13/2017,11:47:59 20 Jan 2021
Donald Trump,All polls,1/20/2021,8/11/2017,8/13/2017,Gallup,B,1500,a,0.15840192,0,34,61,34.861441,59.539189,,TRUE,http://www.gallup.com/poll/201617/gallup-daily-trump-job-approval.aspx,50083,78711,8/14/2017,11:47:59 20 Jan 2021
Donald Trump,All polls,1/20/2021,8/12/2017,8/14/2017,Gallup,B,1500,a,0.15841743,0,36,59,36.861441,57.539189,,TRUE,http://www.gallup.com/poll/201617/gallup-daily-trump-job-approval.aspx,50085,78713,8/15/2017,11:47:59 20 Jan 2021
Donald Trump,All polls,1/20/2021,8/13/2017,8/15/2017,Gallup,B,1500,a,0.15841743,0,36,58,36.861441,56.539189,,TRUE,http://www.gallup.com/poll/201617/gallup-daily-trump-job-approval.aspx,50094,78729,8/16/2017,11:47:59 20 Jan 2021
Donald Trump,All polls,1/20/2021,8/14/2017,8/16/2017,Gallup,B,1500,a,0.15841743,0,37,57,37.861441,55.539189,,TRUE,http://www.gallup.com/poll/201617/gallup-daily-trump-job-approval.aspx,50100,78740,8/17/2017,11:47:59 20 Jan 2021
Donald Trump,All polls,1/20/2021,8/15/2017,8/17/2017,Gallup,B,1500,a,0.15841743,0,38,57,38.861441,55.539189,,TRUE,http://www.gallup.com/poll/201617/gallup-daily-trump-job-approval.aspx,50102,78742,8/18/2017,11:47:59 20 Jan 2021
Donald Trump,All polls,1/20/2021,8/16/2017,8/18/2017,Gallup,B,1500,a,0.15841743,0,37,57,37.861441,55.539189,,TRUE,http://www.gallup.com/poll/201617/gallup-daily-trump-job-approval.aspx,50109,78753,8/20/2017,11:47:59 20 Jan 2021
Donald Trump,All polls,1/20/2021,8/17/2017,8/19/2017,Gallup,B,1500,a,0.15841743,0,36,58,36.861441,56.539189,,TRUE,http://www.gallup.com/poll/201617/gallup-daily-trump-job-approval.aspx,50108,78752,8/20/2017,11:47:59 20 Jan 2021
Donald Trump,All polls,1/20/2021,8/18/2017,8/20/2017,Gallup,B,1500,a,0.15841743,0,35,59,35.861441,57.539189,,TRUE,http://www.gallup.com/poll/201617/gallup-daily-trump-job-approval.aspx,50111,78755,8/21/2017,11:47:59 20 Jan 2021
Donald Trump,All polls,1/20/2021,8/19/2017,8/21/2017,Gallup,B,1500,a,0.15841743,0,35,60,35.861441,58.539189,,TRUE,http://www.gallup.com/poll/201617/gallup-daily-trump-job-approval.aspx,50116,78760,8/22/2017,11:47:59 20 Jan 2021
Donald Trump,All polls,1/20/2021,8/20/2017,8/22/2017,Gallup,B,1500,a,0.15841743,0,35,59,35.861441,57.539189,,TRUE,http://www.gallup.com/poll/201617/gallup-daily-trump-job-approval.aspx,50125,78777,8/23/2017,11:47:59 20 Jan 2021
Donald Trump,All polls,1/20/2021,8/21/2017,8/23/2017,Gallup,B,1500,a,0.15841743,0,34,60,34.861441,58.539189,,TRUE,http://www.gallup.com/poll/201617/gallup-daily-trump-job-approval.aspx,50129,78783,8/24/2017,11:47:59 20 Jan 2021
Donald Trump,All polls,1/20/2021,8/22/2017,8/24/2017,Gallup,B,1500,a,0.15841743,0,34,60,34.861441,58.539189,,TRUE,http://www.gallup.com/poll/201617/gallup-daily-trump-job-approval.aspx,50132,78786,8/25/2017,11:47:59 20 Jan 2021
Donald Trump,All polls,1/20/2021,8/23/2017,8/25/2017,Gallup,B,1500,a,0.15841743,0,35,60,35.861441,58.539189,,TRUE,http://www.gallup.com/poll/201617/gallup-daily-trump-job-approval.aspx,50138,78797,8/26/2017,11:47:59 20 Jan 2021
Donald Trump,All polls,1/20/2021,8/24/2017,8/26/2017,Gallup,B,1500,a,0.15841743,0,35,60,35.861441,58.539189,,TRUE,http://www.gallup.com/poll/201617/gallup-daily-trump-job-approval.aspx,50139,78798,8/27/2017,11:47:59 20 Jan 2021
Donald Trump,All polls,1/20/2021,8/25/2017,8/27/2017,Gallup,B,1500,a,0.15841743,0,35,60,35.861441,58.539189,,TRUE,http://www.gallup.com/poll/201617/gallup-daily-trump-job-approval.aspx,50141,78800,8/28/2017,11:47:59 20 Jan 2021
Donald Trump,All polls,1/20/2021,8/26/2017,8/28/2017,Gallup,B,1500,a,0.15841743,0,35,60,35.861441,58.539189,,TRUE,http://www.gallup.com/poll/201617/gallup-daily-trump-job-approval.aspx,50144,78803,8/29/2017,11:47:59 20 Jan 2021
Donald Trump,All polls,1/20/2021,8/27/2017,8/29/2017,Gallup,B,1500,a,0.15841743,0,35,59,35.861441,57.539189,,TRUE,http://www.gallup.com/poll/201617/gallup-daily-trump-job-approval.aspx,50152,78817,8/30/2017,11:47:59 20 Jan 2021
Donald Trump,All polls,1/20/2021,8/28/2017,8/30/2017,Gallup,B,1500,a,0.15841743,0,34,60,34.861441,58.539189,,TRUE,http://www.gallup.com/poll/201617/gallup-daily-trump-job-approval.aspx,50157,78823,8/31/2017,11:47:59 20 Jan 2021
Donald Trump,All polls,1/20/2021,8/29/2017,8/31/2017,Gallup,B,1500,a,0.15841743,0,34,61,34.861441,59.539189,,TRUE,http://www.gallup.com/poll/201617/gallup-daily-trump-job-approval.aspx,50159,78825,9/1/2017,11:47:59 20 Jan 2021
Donald Trump,All polls,1/20/2021,8/30/2017,9/1/2017,Gallup,B,1500,a,0.15841743,0,34,61,34.861441,59.539189,,TRUE,http://www.gallup.com/poll/201617/gallup-daily-trump-job-approval.aspx,50164,78834,9/2/2017,11:47:59 20 Jan 2021
Donald Trump,All polls,1/20/2021,8/31/2017,9/2/2017,Gallup,B,1500,a,0.15841743,0,36,58,36.861441,56.539189,,TRUE,http://www.gallup.com/poll/201617/gallup-daily-trump-job-approval.aspx,50165,78835,9/3/2017,11:47:59 20 Jan 2021
Donald Trump,All polls,1/20/2021,9/1/2017,9/3/2017,Gallup,B,1500,a,0.15841743,0,38,56,38.861441,54.539189,,TRUE,http://www.gallup.com/poll/201617/gallup-daily-trump-job-approval.aspx,50167,78837,9/4/2017,11:47:59 20 Jan 2021
Donald Trump,All polls,1/20/2021,9/2/2017,9/4/2017,Gallup,B,1500,a,0.15841743,0,37,56,37.861441,54.539189,,TRUE,http://www.gallup.com/poll/201617/gallup-daily-trump-job-approval.aspx,50169,78839,9/5/2017,11:47:59 20 Jan 2021
Donald Trump,All polls,1/20/2021,9/3/2017,9/5/2017,Gallup,B,1500,a,0.15841743,0,37,56,37.861441,54.539189,,TRUE,http://www.gallup.com/poll/201617/gallup-daily-trump-job-approval.aspx,50177,78853,9/6/2017,11:47:59 20 Jan 2021
Donald Trump,All polls,1/20/2021,9/4/2017,9/6/2017,Gallup,B,1500,a,0.15841743,0,36,57,36.861441,55.539189,,TRUE,http://www.gallup.com/poll/201617/gallup-daily-trump-job-approval.aspx,50180,78857,9/7/2017,11:47:59 20 Jan 2021
Donald Trump,All polls,1/20/2021,9/5/2017,9/7/2017,Gallup,B,1500,a,0.15841743,0,36,57,36.861441,55.539189,,TRUE,http://www.gallup.com/poll/201617/gallup-daily-trump-job-approval.aspx,50186,78866,9/8/2017,11:47:59 20 Jan 2021
Donald Trump,All polls,1/20/2021,9/6/2017,9/8/2017,Gallup,B,1500,a,0.15841743,0,38,56,38.861441,54.539189,,TRUE,http://www.gallup.com/poll/201617/gallup-daily-trump-job-approval.aspx,50188,78869,9/9/2017,11:47:59 20 Jan 2021
Donald Trump,All polls,1/20/2021,9/7/2017,9/9/2017,Gallup,B,1500,a,0.15841743,0,38,56,38.861441,54.539189,,TRUE,http://www.gallup.com/poll/201617/gallup-daily-trump-job-approval.aspx,50189,78870,9/10/2017,11:47:59 20 Jan 2021
Donald Trump,All polls,1/20/2021,9/8/2017,9/10/2017,Gallup,B,1500,a,0.15841743,0,38,57,38.861441,55.539189,,TRUE,http://www.gallup.com/poll/201617/gallup-daily-trump-job-approval.aspx,50191,78872,9/11/2017,11:47:59 20 Jan 2021
Donald Trump,All polls,1/20/2021,9/9/2017,9/11/2017,Gallup,B,1500,a,0.15841743,0,37,58,37.861441,56.539189,,TRUE,http://www.gallup.com/poll/201617/gallup-daily-trump-job-approval.aspx,50193,78874,9/12/2017,11:47:59 20 Jan 2021
Donald Trump,All polls,1/20/2021,9/10/2017,9/12/2017,Gallup,B,1500,a,0.15841743,0,37,57,37.861441,55.539189,,TRUE,http://www.gallup.com/poll/201617/gallup-daily-trump-job-approval.aspx,50201,78888,9/13/2017,11:47:59 20 Jan 2021
Donald Trump,All polls,1/20/2021,9/11/2017,9/13/2017,Gallup,B,1500,a,0.15841743,0,37,56,37.861441,54.539189,,TRUE,http://www.gallup.com/poll/201617/gallup-daily-trump-job-approval.aspx,50204,78892,9/14/2017,11:47:59 20 Jan 2021
Donald Trump,All polls,1/20/2021,9/12/2017,9/14/2017,Gallup,B,1500,a,0.15841743,0,37,57,37.861441,55.539189,,TRUE,http://www.gallup.com/poll/201617/gallup-daily-trump-job-approval.aspx,50206,78894,9/15/2017,11:47:59 20 Jan 2021
Donald Trump,All polls,1/20/2021,9/13/2017,9/15/2017,Gallup,B,1500,a,0.15841743,0,36,59,36.861441,57.539189,,TRUE,http://www.gallup.com/poll/201617/gallup-daily-trump-job-approval.aspx,50212,78905,9/16/2017,11:47:59 20 Jan 2021
Donald Trump,All polls,1/20/2021,9/14/2017,9/16/2017,Gallup,B,1500,a,0.15841743,0,38,57,38.861441,55.539189,,TRUE,http://www.gallup.com/poll/201617/gallup-daily-trump-job-approval.aspx,50215,78908,9/17/2017,11:47:59 20 Jan 2021
Donald Trump,All polls,1/20/2021,9/15/2017,9/17/2017,Gallup,B,1500,a,0.15841743,0,38,56,38.861441,54.539189,,TRUE,http://www.gallup.com/poll/201617/gallup-daily-trump-job-approval.aspx,50217,78910,9/18/2017,11:47:59 20 Jan 2021
Donald Trump,All polls,1/20/2021,9/16/2017,9/18/2017,Gallup,B,1500,a,0.15841743,0,38,55,38.861441,53.539189,,TRUE,http://www.gallup.com/poll/201617/gallup-daily-trump-job-approval.aspx,50220,78913,9/19/2017,11:47:59 20 Jan 2021
Donald Trump,All polls,1/20/2021,9/17/2017,9/19/2017,Gallup,B,1500,a,0.15841743,0,39,55,39.861441,53.539189,,TRUE,http://www.gallup.com/poll/201617/gallup-daily-trump-job-approval.aspx,50229,78931,9/20/2017,11:47:59 20 Jan 2021
Donald Trump,All polls,1/20/2021,9/18/2017,9/20/2017,Gallup,B,1500,a,0.15841743,0,37,56,37.861441,54.539189,,TRUE,http://www.gallup.com/poll/201617/gallup-daily-trump-job-approval.aspx,50232,78935,9/21/2017,11:47:59 20 Jan 2021
Donald Trump,All polls,1/20/2021,9/19/2017,9/21/2017,Gallup,B,1500,a,0.15841743,0,38,56,38.861441,54.539189,,TRUE,http://www.gallup.com/poll/201617/gallup-daily-trump-job-approval.aspx,50236,78940,9/22/2017,11:47:59 20 Jan 2021
Donald Trump,All polls,1/20/2021,9/20/2017,9/22/2017,Gallup,B,1500,a,0.15841743,0,37,56,37.861441,54.539189,,TRUE,http://www.gallup.com/poll/201617/gallup-daily-trump-job-approval.aspx,50241,78948,9/23/2017,11:47:59 20 Jan 2021
Donald Trump,All polls,1/20/2021,9/21/2017,9/23/2017,Gallup,B,1500,a,0.15841743,0,40,54,40.861441,52.539189,,TRUE,http://www.gallup.com/poll/201617/gallup-daily-trump-job-approval.aspx,50243,78953,9/24/2017,11:47:59 20 Jan 2021
Donald Trump,All polls,1/20/2021,9/22/2017,9/24/2017,Gallup,B,1500,a,0.15841743,0,39,54,39.861441,52.539189,,TRUE,http://www.gallup.com/poll/201617/gallup-daily-trump-job-approval.aspx,50246,78956,9/25/2017,11:47:59 20 Jan 2021
Donald Trump,All polls,1/20/2021,9/23/2017,9/25/2017,Gallup,B,1500,a,0.15841743,0,39,56,39.861441,54.539189,,TRUE,http://www.gallup.com/poll/201617/gallup-daily-trump-job-approval.aspx,50251,78961,9/26/2017,11:47:59 20 Jan 2021
Donald Trump,All polls,1/20/2021,9/24/2017,9/26/2017,Gallup,B,1500,a,0.15841743,0,37,58,37.861441,56.539189,,TRUE,http://www.gallup.com/poll/201617/gallup-daily-trump-job-approval.aspx,50258,78974,9/27/2017,11:47:59 20 Jan 2021
Donald Trump,All polls,1/20/2021,9/25/2017,9/27/2017,Gallup,B,1500,a,0.15841743,0,36,59,36.861441,57.539189,,TRUE,http://www.gallup.com/poll/201617/gallup-daily-trump-job-approval.aspx,50263,78981,9/28/2017,11:47:59 20 Jan 2021
Donald Trump,All polls,1/20/2021,9/26/2017,9/28/2017,Gallup,B,1500,a,0.15841743,0,37,59,37.861441,57.539189,,TRUE,http://www.gallup.com/poll/201617/gallup-daily-trump-job-approval.aspx,50269,78991,9/29/2017,11:47:59 20 Jan 2021
Donald Trump,All polls,1/20/2021,9/27/2017,9/29/2017,Gallup,B,1500,a,0.15841743,0,37,58,37.861441,56.539189,,TRUE,http://www.gallup.com/poll/201617/gallup-daily-trump-job-approval.aspx,50271,78994,9/30/2017,11:47:59 20 Jan 2021
Donald Trump,All polls,1/20/2021,9/28/2017,9/30/2017,Gallup,B,1500,a,0.15841743,0,38,57,38.861441,55.539189,,TRUE,http://www.gallup.com/poll/201617/gallup-daily-trump-job-approval.aspx,50272,78995,10/1/2017,11:47:59 20 Jan 2021
Donald Trump,All polls,1/20/2021,9/29/2017,10/1/2017,Gallup,B,1500,a,0.15841743,0,37,57,37.861441,55.539189,,TRUE,http://www.gallup.com/poll/201617/gallup-daily-trump-job-approval.aspx,50274,78997,10/2/2017,11:47:59 20 Jan 2021
Donald Trump,All polls,1/20/2021,9/30/2017,10/2/2017,Gallup,B,1500,a,0.15841743,0,38,57,38.861441,55.539189,,TRUE,http://www.gallup.com/poll/201617/gallup-daily-trump-job-approval.aspx,50276,78999,10/3/2017,11:47:59 20 Jan 2021
Donald Trump,All polls,1/20/2021,10/1/2017,10/3/2017,Gallup,B,1500,a,0.15841743,0,39,57,39.861441,55.539189,,TRUE,http://www.gallup.com/poll/201617/gallup-daily-trump-job-approval.aspx,50284,79014,10/4/2017,11:47:59 20 Jan 2021
Donald Trump,All polls,1/20/2021,10/2/2017,10/4/2017,Gallup,B,1500,a,0.15841743,0,39,56,39.861441,54.539189,,TRUE,http://www.gallup.com/poll/201617/gallup-daily-trump-job-approval.aspx,50288,79019,10/5/2017,11:47:59 20 Jan 2021
Donald Trump,All polls,1/20/2021,10/3/2017,10/5/2017,Gallup,B,1500,a,0.15841743,0,39,57,39.861441,55.539189,,TRUE,http://www.gallup.com/poll/201617/gallup-daily-trump-job-approval.aspx,50293,79025,10/6/2017,11:47:59 20 Jan 2021
Donald Trump,All polls,1/20/2021,10/4/2017,10/6/2017,Gallup,B,1500,a,0.15841743,0,39,56,39.861441,54.539189,,TRUE,http://www.gallup.com/poll/201617/gallup-daily-trump-job-approval.aspx,50299,79034,10/7/2017,11:47:59 20 Jan 2021
Donald Trump,All polls,1/20/2021,10/5/2017,10/7/2017,Gallup,B,1500,a,0.15841743,0,38,57,38.861441,55.539189,,TRUE,http://www.gallup.com/poll/201617/gallup-daily-trump-job-approval.aspx,50300,79035,10/8/2017,11:47:59 20 Jan 2021
Donald Trump,All polls,1/20/2021,10/6/2017,10/8/2017,Gallup,B,1500,a,0.15841743,0,37,56,37.861441,54.539189,,TRUE,http://www.gallup.com/poll/201617/gallup-daily-trump-job-approval.aspx,50302,79037,10/9/2017,11:47:59 20 Jan 2021
Donald Trump,All polls,1/20/2021,10/7/2017,10/9/2017,Gallup,B,1500,a,0.15841743,0,36,58,36.861441,56.539189,,TRUE,http://www.gallup.com/poll/201617/gallup-daily-trump-job-approval.aspx,50309,79044,10/10/2017,11:47:59 20 Jan 2021
Donald Trump,All polls,1/20/2021,10/8/2017,10/10/2017,Gallup,B,1500,a,0.15841743,0,37,56,37.861441,54.539189,,TRUE,http://www.gallup.com/poll/201617/gallup-daily-trump-job-approval.aspx,50318,79059,10/11/2017,11:47:59 20 Jan 2021
Donald Trump,All polls,1/20/2021,10/9/2017,10/11/2017,Gallup,B,1500,a,0.15841743,0,37,57,37.861441,55.539189,,TRUE,http://www.gallup.com/poll/201617/gallup-daily-trump-job-approval.aspx,50320,79061,10/12/2017,11:47:59 20 Jan 2021
Donald Trump,All polls,1/20/2021,10/10/2017,10/12/2017,Gallup,B,1500,a,0.15841743,0,39,54,39.861441,52.539189,,TRUE,http://www.gallup.com/poll/201617/gallup-daily-trump-job-approval.aspx,50323,79065,10/13/2017,11:47:59 20 Jan 2021
Donald Trump,All polls,1/20/2021,10/11/2017,10/13/2017,Gallup,B,1500,a,0.15841743,0,38,56,38.861441,54.539189,,TRUE,http://www.gallup.com/poll/201617/gallup-daily-trump-job-approval.aspx,50329,79075,10/14/2017,11:47:59 20 Jan 2021
Donald Trump,All polls,1/20/2021,10/12/2017,10/14/2017,Gallup,B,1500,a,0.15841743,0,38,56,38.861441,54.539189,,TRUE,http://www.gallup.com/poll/201617/gallup-daily-trump-job-approval.aspx,50331,79077,10/15/2017,11:47:59 20 Jan 2021
Donald Trump,All polls,1/20/2021,10/13/2017,10/15/2017,Gallup,B,1500,a,0.15841743,0,36,59,36.861441,57.539189,,TRUE,http://www.gallup.com/poll/201617/gallup-daily-trump-job-approval.aspx,50334,79080,10/16/2017,11:47:59 20 Jan 2021
Donald Trump,All polls,1/20/2021,10/14/2017,10/16/2017,Gallup,B,1500,a,0.15841743,0,37,58,37.861441,56.539189,,TRUE,http://www.gallup.com/poll/201617/gallup-daily-trump-job-approval.aspx,50344,79100,10/17/2017,11:47:59 20 Jan 2021
Donald Trump,All polls,1/20/2021,10/15/2017,10/17/2017,Gallup,B,1500,a,0.15841743,0,36,59,36.861441,57.539189,,TRUE,http://www.gallup.com/poll/201617/gallup-daily-trump-job-approval.aspx,50350,79108,10/18/2017,11:47:59 20 Jan 2021
Donald Trump,All polls,1/20/2021,10/16/2017,10/18/2017,Gallup,B,1500,a,0.15841743,0,36,59,36.861441,57.539189,,TRUE,http://www.gallup.com/poll/201617/gallup-daily-trump-job-approval.aspx,50352,79112,10/19/2017,11:47:59 20 Jan 2021
Donald Trump,All polls,1/20/2021,10/17/2017,10/19/2017,Gallup,B,1500,a,0.15841743,0,35,60,35.861441,58.539189,,TRUE,http://www.gallup.com/poll/201617/gallup-daily-trump-job-approval.aspx,50356,79118,10/20/2017,11:47:59 20 Jan 2021
Donald Trump,All polls,1/20/2021,10/18/2017,10/20/2017,Gallup,B,1500,a,0.15841743,0,36,59,36.861441,57.539189,,TRUE,http://www.gallup.com/poll/201617/gallup-daily-trump-job-approval.aspx,50360,79125,10/21/2017,11:47:59 20 Jan 2021
Donald Trump,All polls,1/20/2021,10/19/2017,10/21/2017,Gallup,B,1500,a,0.15841743,0,36,58,36.861441,56.539189,,TRUE,http://www.gallup.com/poll/201617/gallup-daily-trump-job-approval.aspx,50361,79126,10/22/2017,11:47:59 20 Jan 2021
Donald Trump,All polls,1/20/2021,10/20/2017,10/22/2017,Gallup,B,1500,a,0.15841743,0,36,57,36.861441,55.539189,,TRUE,http://www.gallup.com/poll/201617/gallup-daily-trump-job-approval.aspx,50366,79132,10/23/2017,11:47:59 20 Jan 2021
Donald Trump,All polls,1/20/2021,10/21/2017,10/23/2017,Gallup,B,1500,a,0.15841743,0,36,58,36.861441,56.539189,,TRUE,http://www.gallup.com/poll/201617/gallup-daily-trump-job-approval.aspx,50369,79135,10/24/2017,11:47:59 20 Jan 2021
Donald Trump,All polls,1/20/2021,10/22/2017,10/24/2017,Gallup,B,1500,a,0.15844849,0,36,59,36.861441,57.539189,,TRUE,http://www.gallup.com/poll/201617/gallup-daily-trump-job-approval.aspx,50377,79150,10/25/2017,11:47:59 20 Jan 2021
Donald Trump,All polls,1/20/2021,10/23/2017,10/25/2017,Gallup,B,1500,a,0.15848741,0,37,58,37.861441,56.539189,,TRUE,http://www.gallup.com/poll/201617/gallup-daily-trump-job-approval.aspx,50380,79154,10/26/2017,11:47:59 20 Jan 2021
Donald Trump,All polls,1/20/2021,10/24/2017,10/26/2017,Gallup,B,1500,a,0.1585108,0,36,58,36.861441,56.539189,,TRUE,http://www.gallup.com/poll/201617/gallup-daily-trump-job-approval.aspx,50384,79159,10/27/2017,11:47:59 20 Jan 2021
Donald Trump,All polls,1/20/2021,10/25/2017,10/27/2017,Gallup,B,1500,a,0.15853423,0,36,59,36.861441,57.539189,,TRUE,http://www.gallup.com/poll/201617/gallup-daily-trump-job-approval.aspx,50389,79481,10/28/2017,11:47:59 20 Jan 2021
Donald Trump,All polls,1/20/2021,10/26/2017,10/28/2017,Gallup,B,1500,a,0.15855769,0,35,60,35.861441,58.539189,,TRUE,http://www.gallup.com/poll/201617/gallup-daily-trump-job-approval.aspx,50390,79482,10/29/2017,11:47:59 20 Jan 2021
Donald Trump,All polls,1/20/2021,10/27/2017,10/29/2017,Gallup,B,1500,a,0.15858118,0,33,62,33.861441,60.539189,,TRUE,http://www.gallup.com/poll/201617/gallup-daily-trump-job-approval.aspx,50394,79488,10/30/2017,11:47:59 20 Jan 2021
Donald Trump,All polls,1/20/2021,10/28/2017,10/30/2017,Gallup,B,1500,a,0.15860471,0,34,62,34.861441,60.539189,,TRUE,http://www.gallup.com/poll/201617/gallup-daily-trump-job-approval.aspx,50397,79492,10/31/2017,11:47:59 20 Jan 2021
Donald Trump,All polls,1/20/2021,10/29/2017,10/31/2017,Gallup,B,1500,a,0.15862827,0,35,61,35.861441,59.539189,,TRUE,http://www.gallup.com/poll/201617/gallup-daily-trump-job-approval.aspx,50403,79510,11/1/2017,11:47:59 20 Jan 2021
Donald Trump,All polls,1/20/2021,10/30/2017,11/1/2017,Gallup,B,1500,a,0.15865187,0,38,58,38.861441,56.539189,,TRUE,http://www.gallup.com/poll/201617/gallup-daily-trump-job-approval.aspx,50408,79518,11/2/2017,11:47:59 20 Jan 2021
Donald Trump,All polls,1/20/2021,10/31/2017,11/2/2017,Gallup,B,1500,a,0.1586755,0,39,57,39.861441,55.539189,,TRUE,http://www.gallup.com/poll/201617/gallup-daily-trump-job-approval.aspx,50412,79523,11/3/2017,11:47:59 20 Jan 2021
Donald Trump,All polls,1/20/2021,11/1/2017,11/3/2017,Gallup,B,1500,a,0.15879154,0,39,56,39.861441,54.539189,,TRUE,http://www.gallup.com/poll/201617/gallup-daily-trump-job-approval.aspx,50417,79531,11/4/2017,11:47:59 20 Jan 2021
Donald Trump,All polls,1/20/2021,11/2/2017,11/4/2017,Gallup,B,1500,a,0.15893122,0,37,57,37.861441,55.539189,,TRUE,http://www.gallup.com/poll/201617/gallup-daily-trump-job-approval.aspx,50418,79532,11/5/2017,11:47:59 20 Jan 2021
Donald Trump,All polls,1/20/2021,11/3/2017,11/5/2017,Gallup,B,1500,a,0.15902482,0,37,57,37.861441,55.539189,,TRUE,http://www.gallup.com/poll/201617/gallup-daily-trump-job-approval.aspx,50421,79536,11/6/2017,11:47:59 20 Jan 2021
Donald Trump,All polls,1/20/2021,11/4/2017,11/6/2017,Gallup,B,1500,a,0.15911867,0,37,57,37.861441,55.539189,,TRUE,http://www.gallup.com/poll/201617/gallup-daily-trump-job-approval.aspx,50425,79548,11/7/2017,11:47:59 20 Jan 2021
Donald Trump,All polls,1/20/2021,11/5/2017,11/7/2017,Gallup,B,1500,a,0.15921276,0,38,55,38.861441,53.539189,,TRUE,http://www.gallup.com/poll/201617/gallup-daily-trump-job-approval.aspx,50431,79566,11/8/2017,11:47:59 20 Jan 2021
Donald Trump,All polls,1/20/2021,11/6/2017,11/8/2017,Gallup,B,1500,a,0.1593071,0,37,57,37.861441,55.539189,,TRUE,http://www.gallup.com/poll/201617/gallup-daily-trump-job-approval.aspx,50434,79573,11/9/2017,11:47:59 20 Jan 2021
Donald Trump,All polls,1/20/2021,11/7/2017,11/9/2017,Gallup,B,1500,a,0.15940169,0,37,58,37.861441,56.539189,,TRUE,http://www.gallup.com/poll/201617/gallup-daily-trump-job-approval.aspx,50440,79587,11/10/2017,11:47:59 20 Jan 2021
Donald Trump,All polls,1/20/2021,11/8/2017,11/10/2017,Gallup,B,1500,a,0.15949652,0,38,57,38.861441,55.539189,,TRUE,http://www.gallup.com/poll/201617/gallup-daily-trump-job-approval.aspx,50442,79589,11/11/2017,11:47:59 20 Jan 2021
Donald Trump,All polls,1/20/2021,11/9/2017,11/11/2017,Gallup,B,1500,a,0.15959161,0,39,55,39.861441,53.539189,,TRUE,http://www.gallup.com/poll/201617/gallup-daily-trump-job-approval.aspx,50443,79590,11/12/2017,11:47:59 20 Jan 2021
Donald Trump,All polls,1/20/2021,11/10/2017,11/12/2017,Gallup,B,1500,a,0.15968695,0,38,56,38.861441,54.539189,,TRUE,http://www.gallup.com/poll/201617/gallup-daily-trump-job-approval.aspx,50445,79592,11/13/2017,11:47:59 20 Jan 2021
Donald Trump,All polls,1/20/2021,11/11/2017,11/13/2017,Gallup,B,1500,a,0.16030648,0,38,57,38.861441,55.539189,,TRUE,http://www.gallup.com/poll/201617/gallup-daily-trump-job-approval.aspx,50453,79605,11/14/2017,11:47:59 20 Jan 2021
Donald Trump,All polls,1/20/2021,11/12/2017,11/14/2017,Gallup,B,1500,a,0.16106703,0,37,57,37.861441,55.539189,,TRUE,http://www.gallup.com/poll/201617/gallup-daily-trump-job-approval.aspx,50457,79622,11/15/2017,11:47:59 20 Jan 2021
Donald Trump,All polls,1/20/2021,11/13/2017,11/15/2017,Gallup,B,1500,a,0.16156728,0,37,57,37.861441,55.539189,,TRUE,http://www.gallup.com/poll/201617/gallup-daily-trump-job-approval.aspx,50461,79629,11/16/2017,11:47:59 20 Jan 2021
Donald Trump,All polls,1/20/2021,11/14/2017,11/16/2017,Gallup,B,1500,a,0.16207185,0,37,56,37.861441,54.539189,,TRUE,http://www.gallup.com/poll/201617/gallup-daily-trump-job-approval.aspx,50479,79656,11/17/2017,11:47:59 20 Jan 2021
Donald Trump,All polls,1/20/2021,11/15/2017,11/17/2017,Gallup,B,1500,a,0.16258081,0,39,56,39.861441,54.539189,,TRUE,http://www.gallup.com/poll/201617/gallup-daily-trump-job-approval.aspx,50483,79663,11/18/2017,11:47:59 20 Jan 2021
Donald Trump,All polls,1/20/2021,11/16/2017,11/18/2017,Gallup,B,1500,a,0.16309421,0,38,57,38.861441,55.539189,,TRUE,http://www.gallup.com/poll/201617/gallup-daily-trump-job-approval.aspx,50484,79664,11/19/2017,11:47:59 20 Jan 2021
Donald Trump,All polls,1/20/2021,11/17/2017,11/19/2017,Gallup,B,1500,a,0.16361213,0,38,57,38.861441,55.539189,,TRUE,http://www.gallup.com/poll/201617/gallup-daily-trump-job-approval.aspx,50487,79667,11/20/2017,11:47:59 20 Jan 2021
Donald Trump,All polls,1/20/2021,11/18/2017,11/20/2017,Gallup,B,1500,a,0.16413462,0,36,57,36.861441,55.539189,,TRUE,http://www.gallup.com/poll/201617/gallup-daily-trump-job-approval.aspx,50493,79683,11/21/2017,11:47:59 20 Jan 2021
Donald Trump,All polls,1/20/2021,11/19/2017,11/21/2017,Gallup,B,1500,a,0.16466177,0,38,55,38.861441,53.539189,,TRUE,http://www.gallup.com/poll/201617/gallup-daily-trump-job-approval.aspx,50503,79708,11/22/2017,11:47:59 20 Jan 2021
Donald Trump,All polls,1/20/2021,11/20/2017,11/22/2017,Gallup,B,1500,a,0.16519363,0,38,55,38.861441,53.539189,,TRUE,http://www.gallup.com/poll/201617/gallup-daily-trump-job-approval.aspx,50504,79709,11/23/2017,11:47:59 20 Jan 2021
Donald Trump,All polls,1/20/2021,11/21/2017,11/24/2017,Gallup,B,1500,a,0.12365324,0,38,55,38.861441,53.539189,,TRUE,http://www.gallup.com/poll/201617/gallup-daily-trump-job-approval.aspx,50505,79710,11/25/2017,11:47:59 20 Jan 2021
Donald Trump,All polls,1/20/2021,11/22/2017,11/25/2017,Gallup,B,1500,a,0.24553479,0,37,57,37.861441,55.539189,,TRUE,http://www.gallup.com/poll/201617/gallup-daily-trump-job-approval.aspx,50506,79711,11/26/2017,11:47:59 20 Jan 2021
Donald Trump,All polls,1/20/2021,11/24/2017,11/26/2017,Gallup,B,1500,a,0.1631913,0,37,57,37.861441,55.539189,,TRUE,http://www.gallup.com/poll/201617/gallup-daily-trump-job-approval.aspx,50508,79713,11/27/2017,11:47:59 20 Jan 2021
Donald Trump,All polls,1/20/2021,11/25/2017,11/27/2017,Gallup,B,1500,a,0.16272969,0,37,56,37.861441,54.539189,,TRUE,http://www.gallup.com/poll/201617/gallup-daily-trump-job-approval.aspx,50510,79715,11/28/2017,11:47:59 20 Jan 2021
Donald Trump,All polls,1/20/2021,11/26/2017,11/28/2017,Gallup,B,1500,a,0.16227254,0,38,55,38.861441,53.539189,,TRUE,http://www.gallup.com/poll/201617/gallup-daily-trump-job-approval.aspx,50550,79782,11/29/2017,11:47:59 20 Jan 2021
Donald Trump,All polls,1/20/2021,11/27/2017,11/29/2017,Gallup,B,1500,a,0.16181978,0,36,57,36.861441,55.539189,,TRUE,http://www.gallup.com/poll/201617/gallup-daily-trump-job-approval.aspx,50595,79843,11/30/2017,11:47:59 20 Jan 2021
Donald Trump,All polls,1/20/2021,11/28/2017,11/30/2017,Gallup,B,1500,a,0.16130614,0,34,60,34.861441,58.539189,,TRUE,http://www.gallup.com/poll/201617/gallup-daily-trump-job-approval.aspx,50607,79858,12/1/2017,11:47:59 20 Jan 2021
Donald Trump,All polls,1/20/2021,11/29/2017,12/1/2017,Gallup,B,1500,a,0.16082932,0,33,62,33.861441,60.539189,,TRUE,http://www.gallup.com/poll/201617/gallup-daily-trump-job-approval.aspx,50612,79872,12/2/2017,11:47:59 20 Jan 2021
Donald Trump,All polls,1/20/2021,11/30/2017,12/2/2017,Gallup,B,1500,a,0.16038921,0,34,61,34.861441,59.539189,,TRUE,http://www.gallup.com/poll/201617/gallup-daily-trump-job-approval.aspx,50613,79873,12/3/2017,11:47:59 20 Jan 2021
Donald Trump,All polls,1/20/2021,12/1/2017,12/3/2017,Gallup,B,1500,a,0.15998594,0,35,60,35.861441,58.539189,,TRUE,http://www.gallup.com/poll/201617/gallup-daily-trump-job-approval.aspx,50624,79889,12/4/2017,11:47:59 20 Jan 2021
Donald Trump,All polls,1/20/2021,12/2/2017,12/4/2017,Gallup,B,1500,a,0.1597147,0,35,60,35.861441,58.539189,,TRUE,http://www.gallup.com/poll/201617/gallup-daily-trump-job-approval.aspx,50626,79891,12/5/2017,11:47:59 20 Jan 2021
Donald Trump,All polls,1/20/2021,12/3/2017,12/5/2017,Gallup,B,1500,a,0.16003278,0,36,59,36.861441,57.539189,,TRUE,http://www.gallup.com/poll/201617/gallup-daily-trump-job-approval.aspx,50637,79920,12/6/2017,11:47:59 20 Jan 2021
Donald Trump,All polls,1/20/2021,12/4/2017,12/6/2017,Gallup,B,1500,a,0.16043938,0,37,59,37.861441,57.539189,,TRUE,http://www.gallup.com/poll/201617/gallup-daily-trump-job-approval.aspx,50642,79925,12/7/2017,11:47:59 20 Jan 2021
Donald Trump,All polls,1/20/2021,12/5/2017,12/7/2017,Gallup,B,1500,a,0.16061615,0,38,58,38.861441,56.539189,,TRUE,http://www.gallup.com/poll/201617/gallup-daily-trump-job-approval.aspx,50646,79931,12/8/2017,11:47:59 20 Jan 2021
Donald Trump,All polls,1/20/2021,12/6/2017,12/8/2017,Gallup,B,1500,a,0.16082761,0,37,58,37.861441,56.539189,,TRUE,http://www.gallup.com/poll/201617/gallup-daily-trump-job-approval.aspx,50647,79932,12/9/2017,11:47:59 20 Jan 2021
Donald Trump,All polls,1/20/2021,12/7/2017,12/9/2017,Gallup,B,1500,a,0.16107455,0,36,59,36.861441,57.539189,,TRUE,http://www.gallup.com/poll/201617/gallup-daily-trump-job-approval.aspx,50648,79933,12/10/2017,11:47:59 20 Jan 2021
Donald Trump,All polls,1/20/2021,12/8/2017,12/10/2017,Gallup,B,1500,a,0.16116553,0,35,60,35.861441,58.539189,,TRUE,http://www.gallup.com/poll/201617/gallup-daily-trump-job-approval.aspx,50653,79947,12/11/2017,11:47:59 20 Jan 2021
Donald Trump,All polls,1/20/2021,12/9/2017,12/11/2017,Gallup,B,1500,a,0.16139009000000001,0,35,60,35.861441,58.539189,,TRUE,http://www.gallup.com/poll/201617/gallup-daily-trump-job-approval.aspx,50656,79952,12/12/2017,11:47:59 20 Jan 2021
Donald Trump,All polls,1/20/2021,12/10/2017,12/12/2017,Gallup,B,1500,a,0.16174955,0,36,59,36.861441,57.539189,,TRUE,http://www.gallup.com/poll/201617/gallup-daily-trump-job-approval.aspx,50665,79974,12/13/2017,11:47:59 20 Jan 2021
Donald Trump,All polls,1/20/2021,12/11/2017,12/13/2017,Gallup,B,1500,a,0.16213805,0,36,59,36.861441,57.539189,,TRUE,http://www.gallup.com/poll/201617/gallup-daily-trump-job-approval.aspx,50688,80004,12/14/2017,11:47:59 20 Jan 2021
Donald Trump,All polls,1/20/2021,12/12/2017,12/14/2017,Gallup,B,1500,a,0.16318875,0,35,60,35.861441,58.539189,,TRUE,http://www.gallup.com/poll/201617/gallup-daily-trump-job-approval.aspx,50693,80011,12/15/2017,11:47:59 20 Jan 2021
Donald Trump,All polls,1/20/2021,12/13/2017,12/15/2017,Gallup,B,1500,a,0.16470384,0,34,61,34.861441,59.539189,,TRUE,http://www.gallup.com/poll/201617/gallup-daily-trump-job-approval.aspx,50698,80025,12/16/2017,11:47:59 20 Jan 2021
Donald Trump,All polls,1/20/2021,12/14/2017,12/16/2017,Gallup,B,1500,a,0.16597763,0,35,60,35.861441,58.539189,,TRUE,http://www.gallup.com/poll/201617/gallup-daily-trump-job-approval.aspx,50699,80026,12/17/2017,11:47:59 20 Jan 2021
Donald Trump,All polls,1/20/2021,12/15/2017,12/17/2017,Gallup,B,1500,a,0.16760295,0,34,60,34.861441,58.539189,,TRUE,http://www.gallup.com/poll/201617/gallup-daily-trump-job-approval.aspx,50703,80031,12/18/2017,11:47:59 20 Jan 2021
Donald Trump,All polls,1/20/2021,12/16/2017,12/18/2017,Gallup,B,1500,a,0.16940662,0,36,59,36.861441,57.539189,,TRUE,http://www.gallup.com/poll/201617/gallup-daily-trump-job-approval.aspx,50709,80039,12/19/2017,11:47:59 20 Jan 2021
Donald Trump,All polls,1/20/2021,12/17/2017,12/19/2017,Gallup,B,1500,a,0.17139884,0,35,59,35.861441,57.539189,,TRUE,http://www.gallup.com/poll/201617/gallup-daily-trump-job-approval.aspx,50716,80060,12/20/2017,11:47:59 20 Jan 2021
Donald Trump,All polls,1/20/2021,12/18/2017,12/20/2017,Gallup,B,1500,a,0.17230137,0,35,59,35.861441,57.539189,,TRUE,http://www.gallup.com/poll/201617/gallup-daily-trump-job-approval.aspx,50723,80071,12/21/2017,11:47:59 20 Jan 2021
Donald Trump,All polls,1/20/2021,12/19/2017,12/21/2017,Gallup,B,1500,a,0.17396913,0,36,58,36.861441,56.539189,,TRUE,http://www.gallup.com/poll/201617/gallup-daily-trump-job-approval.aspx,50726,80075,12/22/2017,11:47:59 20 Jan 2021
Donald Trump,All polls,1/20/2021,12/20/2017,12/22/2017,Gallup,B,1500,a,0.17643306,0,38,57,38.861441,55.539189,,TRUE,http://www.gallup.com/poll/201617/gallup-daily-trump-job-approval.aspx,50727,80076,12/23/2017,11:47:59 20 Jan 2021
Donald Trump,All polls,1/20/2021,12/21/2017,12/23/2017,Gallup,B,1500,a,0.17937871,0,39,55,39.861441,53.539189,,TRUE,http://www.gallup.com/poll/201617/gallup-daily-trump-job-approval.aspx,50731,80083,12/24/2017,11:47:59 20 Jan 2021
Donald Trump,All polls,1/20/2021,12/22/2017,12/26/2017,Gallup,B,1500,a,0.11188481,0,38,56,38.861441,54.539189,,TRUE,http://www.gallup.com/poll/201617/gallup-daily-trump-job-approval.aspx,50737,80107,12/27/2017,11:47:59 20 Jan 2021
Donald Trump,All polls,1/20/2021,12/23/2017,12/27/2017,Gallup,B,1500,a,0.34202416,0,38,56,38.861441,54.539189,,TRUE,http://www.gallup.com/poll/201617/gallup-daily-trump-job-approval.aspx,50740,80112,12/28/2017,11:47:59 20 Jan 2021
Donald Trump,All polls,1/20/2021,12/26/2017,12/28/2017,Gallup,B,1500,a,0.19663107,0,38,57,38.861441,55.539189,,TRUE,http://www.gallup.com/poll/201617/gallup-daily-trump-job-approval.aspx,50743,80115,12/29/2017,11:47:59 20 Jan 2021
Donald Trump,All polls,1/20/2021,12/27/2017,12/29/2017,Gallup,B,1500,a,0.20061342,0,38,56,38.861441,54.539189,,TRUE,http://www.gallup.com/poll/201617/gallup-daily-trump-job-approval.aspx,50747,80128,12/30/2017,11:47:59 20 Jan 2021
Donald Trump,All polls,1/20/2021,12/28/2017,12/30/2017,Gallup,B,1500,a,0.61590588,0,40,55,40.861441,53.539189,,TRUE,http://www.gallup.com/poll/201617/gallup-daily-trump-job-approval.aspx,50748,80129,12/31/2017,11:47:59 20 Jan 2021
Donald Trump,All polls,1/20/2021,1/2/2018,1/7/2018,Gallup,B,1500,a,0.75078948,0,37,58,37.861441,56.539189,,NA,http://news.gallup.com/poll/203207/trump-job-approval-weekly.aspx?utm_source=social&utm_medium=twitter&utm_campaign=organicsocial,50768,80173,1/8/2018,11:47:59 20 Jan 2021
Donald Trump,All polls,1/20/2021,1/8/2018,1/14/2018,Gallup,B,1500,a,0.81666253,0,38,57,38.861441,55.539189,,NA,http://news.gallup.com/poll/203207/trump-job-approval-weekly.aspx?g_source=link_newsv9&g_campaign=item_201617&g_medium=copy,50795,80230,1/15/2018,11:47:59 20 Jan 2021
Donald Trump,All polls,1/20/2021,1/15/2018,1/21/2018,Gallup,B,1500,a,0.8700981,0,36,59,36.861441,57.539189,,NA,http://news.gallup.com/poll/203207/trump-job-approval-weekly.aspx,50829,80299,1/22/2018,11:47:59 20 Jan 2021
Donald Trump,All polls,1/20/2021,1/21/2018,1/28/2018,Gallup,B,1500,a,0.88461471,0,38,58,38.861441,56.539189,,NA,http://news.gallup.com/poll/203207/trump-job-approval-weekly.aspx,50854,80362,1/29/2018,11:47:59 20 Jan 2021
Donald Trump,All polls,1/20/2021,1/29/2018,2/4/2018,Gallup,B,1500,a,0.89103972,0,40,57,40.861441,55.539189,,NA,http://news.gallup.com/poll/203207/trump-job-approval-weekly.aspx,50873,80410,2/5/2018,11:47:59 20 Jan 2021
Donald Trump,All polls,1/20/2021,2/5/2018,2/11/2018,Gallup,B,1500,a,0.89223368,0,40,57,40.861441,55.539189,,NA,http://news.gallup.com/poll/203207/trump-job-approval-weekly.aspx,50892,80458,2/12/2018,11:47:59 20 Jan 2021
Donald Trump,All polls,1/20/2021,2/12/2018,2/18/2018,Gallup,B,1500,a,0.89223368,0,37,59,37.861441,57.539189,,NA,http://news.gallup.com/poll/203207/trump-job-approval-weekly.aspx,50912,80506,2/19/2018,11:47:59 20 Jan 2021
Donald Trump,All polls,1/20/2021,2/19/2018,2/25/2018,Gallup,B,1500,a,0.89223368,0,39,56,39.861441,54.539189,,NA,http://news.gallup.com/poll/203207/trump-job-approval-weekly.aspx,50935,80552,2/26/2018,11:47:59 20 Jan 2021
Donald Trump,All polls,1/20/2021,2/26/2018,3/4/2018,Gallup,B,1500,a,0.89103972,0,39,55,39.861441,53.539189,,NA,http://news.gallup.com/poll/203207/trump-job-approval-weekly.aspx,50984,80644,3/5/2018,11:47:59 20 Jan 2021
Donald Trump,All polls,1/20/2021,3/5/2018,3/11/2018,Gallup,B,1500,a,0.88773096,0,39,56,39.861441,54.539189,,NA,http://news.gallup.com/poll/203207/trump-job-approval-weekly.aspx,51007,80698,3/12/2018,11:47:59 20 Jan 2021
Donald Trump,All polls,1/20/2021,3/12/2018,3/18/2018,Gallup,B,1500,a,0.88773096,0,40,56,40.861441,54.539189,,NA,http://news.gallup.com/poll/203207/trump-job-approval-weekly.aspx,51036,80754,3/19/2018,11:47:59 20 Jan 2021
Donald Trump,All polls,1/20/2021,3/19/2018,3/25/2018,Gallup,B,1500,a,0.87431743,0,39,55,39.861441,53.539189,,NA,http://news.gallup.com/poll/203207/trump-job-approval-weekly.aspx,51062,80810,3/26/2018,11:47:59 20 Jan 2021
Donald Trump,All polls,1/20/2021,3/25/2018,3/31/2018,Gallup,B,1500,a,0.88892493,0,39,55,39.861441,53.539189,,NA,http://news.gallup.com/poll/203207/trump-job-approval-weekly.aspx,51544,81486,4/2/2018,11:47:59 20 Jan 2021
Donald Trump,All polls,1/20/2021,4/2/2018,4/8/2018,Gallup,B,1500,a,0.91118228,0,41,54,41.861441,52.539189,,NA,http://news.gallup.com/poll/203207/trump-job-approval-weekly.aspx,51613,81605,4/9/2018,11:47:59 20 Jan 2021
Donald Trump,All polls,1/20/2021,4/9/2018,4/15/2018,Gallup,B,1500,a,0.89683108,0,39,55,39.861441,53.539189,,NA,http://news.gallup.com/poll/203207/trump-job-approval-weekly.aspx,51637,81663,4/16/2018,11:47:59 20 Jan 2021
Donald Trump,All polls,1/20/2021,4/16/2018,4/22/2018,Gallup,B,1500,a,0.89344187,0,38,57,38.861441,55.539189,,NA,http://news.gallup.com/poll/203207/trump-job-approval-weekly.aspx,52300,82539,4/23/2018,11:47:59 20 Jan 2021
Donald Trump,All polls,1/20/2021,4/23/2018,4/29/2018,Gallup,B,1500,a,0.89344187,0,42,53,42.861441,51.539189,,NA,http://news.gallup.com/poll/203207/trump-job-approval-weekly.aspx,52323,82591,4/30/2018,11:47:59 20 Jan 2021
Donald Trump,All polls,1/20/2021,4/30/2018,5/6/2018,Gallup,B,1500,a,0.89223368,0,42,52,42.861441,50.539189,,NA,http://news.gallup.com/poll/203207/trump-job-approval-weekly.aspx,52350,82646,5/7/2018,11:47:59 20 Jan 2021
Donald Trump,All polls,1/20/2021,5/7/2018,5/13/2018,Gallup,B,1500,a,0.89223368,0,43,52,43.861441,50.539189,,NA,http://news.gallup.com/poll/203207/trump-job-approval-weekly.aspx,52396,82737,5/14/2018,11:47:59 20 Jan 2021
Donald Trump,All polls,1/20/2021,5/14/2018,5/20/2018,Gallup,B,1500,a,0.89223368,0,42,54,42.861441,52.539189,,NA,http://news.gallup.com/poll/203207/trump-job-approval-weekly.aspx,52435,82808,5/21/2018,11:47:59 20 Jan 2021
Donald Trump,All polls,1/20/2021,5/21/2018,5/27/2018,Gallup,B,1500,a,0.89223368,0,40,55,40.861441,53.539189,,NA,http://news.gallup.com/poll/203207/trump-job-approval-weekly.aspx,52465,82871,5/28/2018,11:47:59 20 Jan 2021
Donald Trump,All polls,1/20/2021,5/28/2018,6/3/2018,Gallup,B,1500,a,0.89223368,0,41,55,41.861441,53.539189,,NA,http://news.gallup.com/poll/203207/trump-job-approval-weekly.aspx,52490,82921,6/4/2018,11:47:59 20 Jan 2021
Donald Trump,All polls,1/20/2021,6/4/2018,6/10/2018,Gallup,B,1500,a,0.89223368,0,42,54,42.861441,52.539189,,NA,http://news.gallup.com/poll/203207/trump-job-approval-weekly.aspx,52540,83004,6/11/2018,11:47:59 20 Jan 2021
Donald Trump,All polls,1/20/2021,6/11/2018,6/17/2018,Gallup,B,1500,a,0.89223368,0,45,50,45.861441,48.539189,,NA,http://news.gallup.com/poll/203207/trump-job-approval-weekly.aspx,52567,83062,6/18/2018,11:47:59 20 Jan 2021
Donald Trump,All polls,1/20/2021,6/18/2018,6/24/2018,Gallup,B,1500,a,0.89223368,0,41,55,41.861441,53.539189,,NA,http://news.gallup.com/poll/203207/trump-job-approval-weekly.aspx,52669,83214,6/25/2018,11:47:59 20 Jan 2021
Donald Trump,All polls,1/20/2021,6/25/2018,7/1/2018,Gallup,B,1500,a,0.89223368,0,42,53,42.861441,51.539189,,NA,http://news.gallup.com/poll/203207/trump-job-approval-weekly.aspx,52769,83377,7/2/2018,11:47:59 20 Jan 2021
Donald Trump,All polls,1/20/2021,7/1/2018,7/8/2018,Gallup,B,1500,a,0.89223368,0,41,56,41.861441,54.539189,,NA,http://news.gallup.com/poll/203207/trump-job-approval-weekly.aspx,52799,83441,7/9/2018,11:47:59 20 Jan 2021
Donald Trump,All polls,1/20/2021,7/9/2018,7/15/2018,Gallup,B,1500,a,0.89223368,0,43,52,43.861441,50.539189,,NA,http://news.gallup.com/poll/203207/trump-job-approval-weekly.aspx,52836,83510,7/16/2018,11:47:59 20 Jan 2021
Donald Trump,All polls,1/20/2021,7/16/2018,7/22/2018,Gallup,B,1500,a,0.89223368,0,42,54,42.861441,52.539189,,NA,http://news.gallup.com/poll/203207/trump-job-approval-weekly.aspx,53395,84502,7/23/2018,11:47:59 20 Jan 2021
Donald Trump,All polls,1/20/2021,7/23/2018,7/29/2018,Gallup,B,1500,a,0.89223368,0,40,55,40.861441,53.539189,,NA,http://news.gallup.com/poll/203207/trump-job-approval-weekly.aspx,53443,84602,7/30/2018,11:47:59 20 Jan 2021
Donald Trump,All polls,1/20/2021,7/30/2018,8/5/2018,Gallup,B,1500,a,0.89223368,0,41,54,41.861441,52.539189,,NA,http://news.gallup.com/poll/203207/trump-job-approval-weekly.aspx,53526,85874,8/6/2018,11:47:59 20 Jan 2021
Donald Trump,All polls,1/20/2021,8/6/2018,8/12/2018,Gallup,B,1500,a,0.89223368,0,39,56,39.861441,54.539189,,NA,http://news.gallup.com/poll/203207/trump-job-approval-weekly.aspx,53591,86002,8/13/2018,11:47:59 20 Jan 2021
Donald Trump,All polls,1/20/2021,8/13/2018,8/19/2018,Gallup,B,1500,a,0.89223368,0,42,52,42.861441,50.539189,,NA,http://news.gallup.com/poll/203207/trump-job-approval-weekly.aspx,53654,86106,8/20/2018,11:47:59 20 Jan 2021
Donald Trump,All polls,1/20/2021,8/20/2018,8/26/2018,Gallup,B,1500,a,0.89223368,0,41,54,41.861441,52.539189,,NA,http://news.gallup.com/poll/203207/trump-job-approval-weekly.aspx,53781,86421,8/27/2018,11:47:59 20 Jan 2021
Donald Trump,All polls,1/20/2021,8/27/2018,9/2/2018,Gallup,B,1500,a,0.89223368,0,41,53,41.861441,51.539189,,NA,http://news.gallup.com/poll/203207/trump-job-approval-weekly.aspx,53835,86543,9/3/2018,11:47:59 20 Jan 2021
Donald Trump,All polls,1/20/2021,9/3/2018,9/9/2018,Gallup,B,1500,a,0.89223368,0,40,54,40.861441,52.539189,,NA,http://news.gallup.com/poll/203207/trump-job-approval-weekly.aspx,53926,86737,9/10/2018,11:47:59 20 Jan 2021
Donald Trump,All polls,1/20/2021,9/10/2018,9/16/2018,Gallup,B,1500,a,0.89223368,0,38,56,38.861441,54.539189,,NA,http://news.gallup.com/poll/203207/trump-job-approval-weekly.aspx,54062,87211,9/17/2018,11:47:59 20 Jan 2021
Donald Trump,All polls,1/20/2021,9/17/2018,9/23/2018,Gallup,B,1500,a,0.89223368,0,40,56,40.861441,54.539189,,NA,http://news.gallup.com/poll/203207/trump-job-approval-weekly.aspx,55837,89400,9/24/2018,11:47:59 20 Jan 2021
Donald Trump,All polls,1/20/2021,9/24/2018,9/30/2018,Gallup,B,1500,a,0.89223368,0,42,53,42.861441,51.539189,,NA,http://news.gallup.com/poll/203207/trump-job-approval-weekly.aspx,55952,89660,10/1/2018,11:47:59 20 Jan 2021
Donald Trump,All polls,1/20/2021,10/1/2018,10/7/2018,Gallup,B,1500,a,0.89223368,0,43,53,43.861441,51.539189,,NA,http://news.gallup.com/poll/203207/trump-job-approval-weekly.aspx,56086,89948,10/8/2018,11:47:59 20 Jan 2021
Donald Trump,All polls,1/20/2021,10/8/2018,10/14/2018,Gallup,B,1500,a,0.89223368,0,44,51,44.861441,49.539189,,NA,http://news.gallup.com/poll/203207/trump-job-approval-weekly.aspx,56211,90278,10/15/2018,11:47:59 20 Jan 2021
Donald Trump,All polls,1/20/2021,10/15/2018,10/21/2018,Gallup,B,1500,a,0.89223368,0,44,50,44.861441,48.539189,,NA,http://news.gallup.com/poll/203207/trump-job-approval-weekly.aspx,56357,90593,10/22/2018,11:47:59 20 Jan 2021
Donald Trump,All polls,1/20/2021,10/22/2018,10/28/2018,Gallup,B,1500,a,0.89223368,0,40,54,40.861441,52.539189,,NA,http://news.gallup.com/poll/203207/trump-job-approval-weekly.aspx,56514,90916,10/29/2018,11:47:59 20 Jan 2021
Donald Trump,All polls,1/20/2021,10/29/2018,11/4/2018,Gallup,B,1500,a,0.89223368,0,40,54,40.861441,52.539189,,NA,http://news.gallup.com/poll/203207/trump-job-approval-weekly.aspx,56784,91501,11/5/2018,11:47:59 20 Jan 2021
Donald Trump,All polls,1/20/2021,11/5/2018,11/11/2018,Gallup,B,1500,a,0.89223368,0,38,56,38.861441,54.539189,,NA,http://news.gallup.com/poll/203207/trump-job-approval-weekly.aspx,56852,91672,11/12/2018,11:47:59 20 Jan 2021
Donald Trump,All polls,1/20/2021,11/12/2018,11/18/2018,Gallup,B,1500,a,0.89223368,0,43,53,43.861441,51.539189,,NA,http://news.gallup.com/poll/203207/trump-job-approval-weekly.aspx,56901,91801,11/19/2018,11:47:59 20 Jan 2021
Donald Trump,All polls,1/20/2021,11/18/2018,11/25/2018,Gallup,B,1500,a,0.89223368,0,38,60,38.861441,58.539189,,NA,http://news.gallup.com/poll/203207/trump-job-approval-weekly.aspx,56922,91851,11/26/2018,11:47:59 20 Jan 2021
Donald Trump,All polls,1/20/2021,11/26/2018,12/2/2018,Gallup,B,1500,a,0.89590194,0,40,56,40.861441,54.539189,,NA,http://news.gallup.com/poll/203207/trump-job-approval-weekly.aspx,57006,92030,12/3/2018,11:47:59 20 Jan 2021
Donald Trump,All polls,1/20/2021,12/3/2018,12/9/2018,Gallup,B,1500,a,0.90914908,0,40,56,40.861441,54.539189,,NA,http://news.gallup.com/poll/203207/trump-job-approval-weekly.aspx,57036,92098,12/10/2018,11:47:59 20 Jan 2021
Donald Trump,All polls,1/20/2021,12/10/2018,12/16/2018,Gallup,B,1500,a,0.95348806,0,38,57,38.861441,55.539189,,NA,http://news.gallup.com/poll/203207/trump-job-approval-weekly.aspx,57130,92243,12/17/2018,11:47:59 20 Jan 2021
Donald Trump,All polls,1/20/2021,12/17/2018,12/22/2018,Gallup,B,1500,a,1.10742,0,39,55,39.861441,53.539189,,NA,http://news.gallup.com/poll/203207/trump-job-approval-weekly.aspx,57169,92350,12/25/2018,11:47:59 20 Jan 2021
Donald Trump,All polls,1/20/2021,1/2/2019,1/10/2019,Gallup,B,1017,a,1.1322398,0,37,59,37.861441,57.539189,,NA,http://news.gallup.com/poll/203207/trump-job-approval-weekly.aspx,57308,92665,1/15/2019,11:47:59 20 Jan 2021
Donald Trump,All polls,1/20/2021,1/21/2019,1/27/2019,Gallup,B,1017,a,1.1327558,0,37,59,37.861441,57.539189,,NA,http://news.gallup.com/poll/203207/trump-job-approval-weekly.aspx,57432,92940,1/30/2019,11:47:59 20 Jan 2021
Donald Trump,All polls,1/20/2021,2/1/2019,2/10/2019,Gallup,B,1016,a,1.0438277,0,44,52,44.861441,50.539189,,NA,http://news.gallup.com/poll/203207/trump-job-approval-weekly.aspx,57504,93103,2/13/2019,11:47:59 20 Jan 2021
Donald Trump,All polls,1/20/2021,2/12/2019,2/28/2019,Gallup,B,1932,a,1.6179239,0,43,54,43.861441,52.539189,,NA,https://news.gallup.com/poll/247304/trump-rating-economy-top-strength-hits-new-high.aspx,57625,93426,3/5/2019,11:47:59 20 Jan 2021
Donald Trump,All polls,1/20/2021,3/1/2019,3/10/2019,Gallup,B,1039,a,1.1412273,0,39,57,39.861441,55.539189,,NA,https://news.gallup.com/poll/247718/trump-job-approval-falters-month-higher-ratings.aspx,57686,93592,3/14/2019,11:47:59 20 Jan 2021
Donald Trump,All polls,1/20/2021,4/1/2019,4/9/2019,Gallup,B,1012,a,1.279626,0,45,51,45.861441,49.539189,,NA,https://news.gallup.com/poll/248633/post-mueller-report-trump-approval-back-high.aspx,57876,94086,4/12/2019,11:47:59 20 Jan 2021
Donald Trump,All polls,1/20/2021,4/17/2019,4/30/2019,Gallup,B,1024,a,1.1635635,0,46,50,46.861441,48.539189,,NA,https://news.gallup.com/poll/249344/trump-approval-remains-high.aspx,57996,94346,5/3/2019,11:47:59 20 Jan 2021
Donald Trump,All polls,1/20/2021,5/1/2019,5/12/2019,Gallup,B,1009,a,1.1300293,0,42,52,42.861441,50.539189,,NA,http://news.gallup.com/poll/203207/trump-job-approval-weekly.aspx,58092,94518,5/17/2019,11:47:59 20 Jan 2021
Donald Trump,All polls,1/20/2021,5/15/2019,5/30/2019,Gallup,B,1017,a,1.1771343,0,40,55,40.861441,53.539189,,NA,http://news.gallup.com/poll/203207/trump-job-approval-weekly.aspx,58199,94801,6/5/2019,11:47:59 20 Jan 2021
Donald Trump,All polls,1/20/2021,6/3/2019,6/16/2019,Gallup,B,1015,a,1.1535007,0,43,55,43.861441,53.539189,,NA,https://news.gallup.com/poll/258359/trump-job-approval-early-june.aspx,58502,98169,6/19/2019,11:47:59 20 Jan 2021
Donald Trump,All polls,1/20/2021,6/19/2019,6/30/2019,Gallup,B,1018,a,1.0533695,0,41,54,41.861441,52.539189,,NA,https://news.gallup.com/poll/259871/trump-approval-remains-low-40s.aspx,58605,98940,7/3/2019,11:47:59 20 Jan 2021
Donald Trump,All polls,1/20/2021,7/1/2019,7/12/2019,Gallup,B,1525,a,1.2994649,0,44,51,44.861441,49.539189,,NA,https://news.gallup.com/poll/260780/trump-averages-job-approval-10th-quarter.aspx,58684,99465,7/18/2019,11:47:59 20 Jan 2021
Donald Trump,All polls,1/20/2021,7/15/2019,7/31/2019,Gallup,B,3038,a,1.9474263,0,42,54,42.861441,52.539189,,NA,https://news.gallup.com/poll/262694/latest-trump-job-approval-rating.aspx,58811,100131,8/5/2019,11:47:59 20 Jan 2021
Donald Trump,All polls,1/20/2021,8/1/2019,8/14/2019,Gallup,B,1522,a,1.2528672,0,41,54,41.861441,52.539189,,NA,https://news.gallup.com/poll/265487/trump-latest-approval-rating-stable.aspx,58916,100682,8/16/2019,11:47:59 20 Jan 2021
Donald Trump,All polls,1/20/2021,8/15/2019,8/30/2019,Gallup,B,2291,a,1.7305855,0,39,57,39.861441,55.539189,,NA,http://news.gallup.com/poll/203207/trump-job-approval-weekly.aspx,59497,102264,9/6/2019,11:47:59 20 Jan 2021
Donald Trump,All polls,1/20/2021,9/3/2019,9/15/2019,Gallup,B,1525,a,1.2738687,0,43,54,43.861441,52.539189,,NA,https://news.gallup.com/poll/266906/trump-job-approval-ties-party-polarization-record.aspx,59613,102976,9/19/2019,11:47:59 20 Jan 2021
Donald Trump,All polls,1/20/2021,9/16/2019,9/30/2019,Gallup,B,2431,a,1.7216292,0,40,56,40.861441,54.539189,,NA,https://news.gallup.com/poll/267182/trump-job-approval-higher-approval-person.aspx,59794,103747,10/3/2019,11:47:59 20 Jan 2021
Donald Trump,All polls,1/20/2021,10/1/2019,10/13/2019,Gallup,B,1526,a,1.3000194,0,39,57,39.861441,55.539189,,NA,http://news.gallup.com/poll/203207/trump-job-approval-weekly.aspx,60097,104539,10/16/2019,11:47:59 20 Jan 2021
Donald Trump,All polls,1/20/2021,10/14/2019,10/31/2019,Gallup,B,1506,a,1.4221938,0,41,57,41.861441,55.539189,,NA,https://news.gallup.com/poll/268052/democrats-trump-removed-wanted-nixon.aspx,62560,112733,11/5/2019,11:47:59 20 Jan 2021
Donald Trump,All polls,1/20/2021,11/1/2019,11/14/2019,Gallup,B,1015,a,1.2050454,0,43,54,43.861441,52.539189,,NA,https://news.gallup.com/poll/268493/trump-approval-holds-steady-face-impeachment-probe.aspx,62671,113341,11/20/2019,11:47:59 20 Jan 2021
Donald Trump,All polls,1/20/2021,12/2/2019,12/15/2019,Gallup,B,1025,a,1.3749372,0,45,51,45.861441,49.539189,,NA,https://news.gallup.com/poll/271691/trump-approval-inches-support-impeachment-dips.aspx,63143,114963,12/18/2019,11:47:59 20 Jan 2021
Donald Trump,All polls,1/20/2021,1/2/2020,1/15/2020,Gallup,B,1014,a,1.2251407,0,44,53,44.861441,51.539189,,NA,https://news.gallup.com/poll/283364/senate-trial-begins-approve-trump.aspx,63299,115880,1/20/2020,11:47:59 20 Jan 2021
Donald Trump,All polls,1/20/2021,1/16/2020,1/29/2020,Gallup,B,1033,a,1.1748151,0,49,50,49.861441,48.539189,,NA,https://news.gallup.com/poll/284156/trump-job-approval-personal-best.aspx,63441,116554,2/4/2020,11:47:59 20 Jan 2021
Donald Trump,All polls,1/20/2021,2/3/2020,2/16/2020,Gallup,B,1028,a,1.1492946,0,49,48,49.861441,46.539189,,NA,https://news.gallup.com/poll/286280/trump-job-approval-steady.aspx,64465,118592,2/20/2020,11:47:59 20 Jan 2021
Donald Trump,All polls,1/20/2021,2/17/2020,2/28/2020,Gallup,B,1020,a,1.1021059,0,47,51,47.861441,49.539189,,NA,https://news.gallup.com/poll/287264/trump-job-approval-rating.aspx,64704,119607,3/3/2020,11:47:59 20 Jan 2021
Donald Trump,All polls,1/20/2021,3/2/2020,3/13/2020,Gallup,B,1019,a,1.0699951,0,44,52,44.861441,50.539189,,NA,https://news.gallup.com/poll/296060/trump-job-approval-rating-slips.aspx,64869,120127,3/17/2020,11:47:59 20 Jan 2021
Donald Trump,All polls,1/20/2021,3/13/2020,3/22/2020,Gallup,B,1020,a,1.1195868,0,49,45,49.861441,43.539189,,NA,https://news.gallup.com/poll/298313/president-trump-job-approval-rating.aspx,64959,120430,3/24/2020,11:47:59 20 Jan 2021
Donald Trump,All polls,1/20/2021,4/1/2020,4/14/2020,Gallup,B,1017,a,1.1763772,0,43,54,43.861441,52.539189,,NA,https://news.gallup.com/poll/308675/trump-job-rating-slides-satisfaction-tumbles.aspx,65765,121573,4/16/2020,11:47:59 20 Jan 2021
Donald Trump,All polls,1/20/2021,4/14/2020,4/28/2020,Gallup,B,1016,a,1.1350153,0,49,47,49.861441,45.539189,,NA,https://news.gallup.com/poll/309593/americans-divided-trump-handling-covid-situation.aspx,65954,122194,4/30/2020,11:47:59 20 Jan 2021
Donald Trump,All polls,1/20/2021,5/1/2020,5/13/2020,Gallup,B,1028,a,1.2288387,0,49,48,49.861441,46.539189,,NA,https://news.gallup.com/poll/311129/congress-job-approval-highest-2009.aspx,66293,123401,5/15/2020,11:47:59 20 Jan 2021
Donald Trump,All polls,1/20/2021,5/28/2020,6/4/2020,Gallup,B,1034,a,1.2638138,0,39,57,39.861441,55.539189,,NA,https://news.gallup.com/poll/312572/trump-job-approval-slides.aspx,66777,124589,6/10/2020,11:47:59 20 Jan 2021
Donald Trump,All polls,1/20/2021,6/8/2020,6/30/2020,Gallup,B,1016,a,1.2418695,0,38,57,38.861441,55.539189,,NA,https://news.gallup.com/poll/313454/trump-job-approval-rating-steady-lower-level.aspx,66995,125131,7/6/2020,11:47:59 20 Jan 2021
Donald Trump,All polls,1/20/2021,7/1/2020,7/23/2020,Gallup,B,1007,a,1.2888697,0,41,56,41.861441,54.539189,,NA,https://news.gallup.com/poll/316448/congress-approval-drops-trump-steady.aspx,67845,126993,7/30/2020,11:47:59 20 Jan 2021
Donald Trump,All polls,1/20/2021,7/30/2020,8/12/2020,Gallup,B,1031,a,1.3461017,0,42,55,42.861441,53.539189,,NA,https://news.gallup.com/poll/317477/trump-job-approval-below-seven-key-issues.aspx,68071,127524,8/17/2020,11:47:59 20 Jan 2021
Donald Trump,All polls,1/20/2021,8/31/2020,9/13/2020,Gallup,B,1019,a,1.2300749,0,42,56,42.861441,54.539189,,NA,https://news.gallup.com/poll/320303/trump-stuck-42-job-approval.aspx,69481,129411,9/16/2020,11:47:59 20 Jan 2021
Donald Trump,All polls,1/20/2021,9/14/2020,9/28/2020,Gallup,B,1023,a,1.1572557,0,46,52,46.861441,50.539189,,NA,https://news.gallup.com/poll/321347/trump-pre-debate-job-approval-highest-may.aspx,70096,130588,10/1/2020,11:47:59 20 Jan 2021
Donald Trump,All polls,1/20/2021,9/30/2020,10/15/2020,Gallup,B,1035,a,1.1668441,0,43,55,43.861441,53.539189,,NA,https://news.gallup.com/poll/322310/trump-job-rating-steady-mood-indicators-tick.aspx,71543,134018,10/21/2020,11:47:59 20 Jan 2021
Donald Trump,All polls,1/20/2021,10/16/2020,10/27/2020,Gallup,B,1018,a,1.1916868,0,46,52,46.861441,50.539189,,NA,https://news.gallup.com/poll/323234/national-satisfaction-rises-election-nears.aspx,72191,135414,10/29/2020,11:47:59 20 Jan 2021
Donald Trump,All polls,1/20/2021,11/5/2020,11/19/2020,Gallup,B,1018,a,1.2976687,0,43,55,43.861441,53.539189,,NA,https://news.gallup.com/poll/326420/trump-job-approval-down-slightly-election.aspx,73273,137359,11/23/2020,11:47:59 20 Jan 2021
Donald Trump,All polls,1/20/2021,12/1/2020,12/17/2020,Gallup,B,1018,a,1.3463303,0,39,57,39.861441,55.539189,,NA,https://news.gallup.com/poll/328106/public-mood-sours-satisfied-approve-trump.aspx,73850,138523,12/21/2020,11:47:59 20 Jan 2021
Donald Trump,All polls,1/20/2021,1/4/2021,1/15/2021,Gallup,B,1023,a,1.3733656,0.74789389,34,62,34.861441,60.539189,,NA,https://news.gallup.com/poll/328637/last-trump-job-approval-average-record-low.aspx,74215,139263,1/18/2021,11:47:59 20 Jan 2021
